Old_Sample_ID,New_Sample_ID,Sample_Lost?,Random_#_Extractions_Tubes,Random_#_Extractions_Plates,Substrate,Treatment,Time_Point,Transect,Ecosystem,Location,Random_#_Flow,Abundance?,Mass_Loss?,Composition?,Numbers,Notes
AirT2R4,AirT2R4,,10,,FTA Card,Air,2,Tower,Tower,Tower,,N,N,Y,310,
AirT2R5,AirT2R5,,87,,FTA Card,Air,2,Tower,Tower,Tower,,N,N,Y,311,
AirT2R6,AirT2R6,,72,,FTA Card,Air,2,Tower,Tower,Tower,,N,N,Y,312,
AirT4R4,AirT4R4,,88,,FTA Card,Air,4,Tower,Tower,Tower,,N,N,Y,496,
AirT4R5,AirT4R5,,82,,FTA Card,Air,4,Tower,Tower,Tower,,N,N,Y,497,
AirT4R6,AirT4R6,,57,,FTA Card,Air,4,Tower,Tower,Tower,,N,N,Y,498,
AirT4R7,AirT4R7,,123,,FTA Card,Air,4,Tower,Tower,Tower,,N,N,Y,498.1,
AirT4R8,AirT4R8,,96,,FTA Card,Air,4,Tower,Tower,Tower,,N,N,Y,498.2,
AirT4R9,AirT4R9,,156,,FTA Card,Air,4,Tower,Tower,Tower,,N,N,Y,498.3,
AirT2R1,AirT2R1,,149,,Glass Slide,Air,2,Tower,Tower,Tower,,N,N,Y,307,
AirT2R2,AirT2R2,,117,,Glass Slide,Air,2,Tower,Tower,Tower,,N,N,Y,308,
AirT2R3,AirT2R3,,153,,Glass Slide,Air,2,Tower,Tower,Tower,,N,N,Y,309,
AirT4R1,AirT4R1,,2,,Glass Slide,Air,4,Tower,Tower,Tower,,N,N,Y,493,
SlideT4R3,AirT4R12,,110,,Glass Slide,Air,4,Tower,Tower,Tower,,N,N,Y,495.3,"Not assigned label before placement in field so was assigned stand-in label in field, then reassigned correct label in lab."
AirT4R2,AirT4R2,,59,,Glass Slide,Air,4,Tower,Tower,Tower,,N,N,Y,494,
SlideT4R1,AirT4R10,,,,Glass Slide,Air,4,Tower,Tower,Tower,,N,N,N,495.1,"Not assigned label before placement in field so was assigned stand-in label in field, then reassigned correct label in lab; bird poop so not extracted"
SlideT4R2,AirT4R11,,,,Glass Slide,Air,4,Tower,Tower,Tower,,N,N,N,495.2,"Not assigned label before placement in field so was assigned stand-in label in field, then reassigned correct label in lab; bird poop so not extracted"
AirT4R3,AirT4R3,,,,Glass Slide,Air,4,Tower,Tower,Tower,,N,N,N,495,"Poop on slide, no DNA extraction done"
GCT1A1,GCT1A1,,,279,Grass Litter,Closed,1,A,Shrubland,1,,N,Y,Y,103,
GCT1A2,GCT1A2,,,163,Grass Litter,Closed,1,A,Shrubland,2,,N,Y,Y,104,
GCT1A3,GCT1A3,,,234,Grass Litter,Closed,1,A,Shrubland,3,,N,Y,Y,105,
GCT1A4,GCT1A4,,,316,Grass Litter,Closed,1,A,Shrubland,4,,N,Y,Y,106,
GCT1A5,GCT1A5,,,263,Grass Litter,Closed,1,A,Grassland,5,,N,Y,Y,115,
GCT1A6,GCT1A6,,,91,Grass Litter,Closed,1,A,Grassland,6,,N,Y,Y,116,
GCT1A7,GCT1A7,,,273,Grass Litter,Closed,1,A,Grassland,7,,N,Y,Y,117,
GCT1A8,GCT1A8,,,145,Grass Litter,Closed,1,A,Grassland,8,,N,Y,Y,118,
GCT1B1,GCT1B1,,,179,Grass Litter,Closed,1,B,Shrubland,1,,N,Y,Y,107,
GCT1B2,GCT1B2,,,123,Grass Litter,Closed,1,B,Shrubland,2,,N,Y,Y,108,
GCT1B4,GCT1B4,,,318,Grass Litter,Closed,1,B,Shrubland,4,,N,Y,Y,110,
GCT1B5,GCT1B5,,,212,Grass Litter,Closed,1,B,Grassland,5,,N,Y,Y,119,
GCT1B6,GCT1B6,,,65,Grass Litter,Closed,1,B,Grassland,6,,N,Y,Y,120,
GCT1B7,GCT1B7,,,85,Grass Litter,Closed,1,B,Grassland,7,,N,Y,Y,121,
GCT1B8,GCT1B8,,,219,Grass Litter,Closed,1,B,Grassland,8,,N,Y,Y,122,
GCT1C1,GCT1C1,,,53,Grass Litter,Closed,1,C,Shrubland,1,,N,Y,Y,111,
GCT1C2,GCT1C2,,,118,Grass Litter,Closed,1,C,Shrubland,2,,N,Y,Y,112,
GCT1C3,GCT1C3,,,278,Grass Litter,Closed,1,C,Shrubland,3,,N,Y,Y,113,
GCT1C4,GCT1C4,,,235,Grass Litter,Closed,1,C,Shrubland,4,,N,Y,Y,114,
GCT1C5,GCT1C5,,,161,Grass Litter,Closed,1,C,Grassland,5,,N,Y,Y,123,
GCT1C6,GCT1C6,,,78,Grass Litter,Closed,1,C,Grassland,6,,N,Y,Y,124,
GCT1C7,GCT1C7,,,221,Grass Litter,Closed,1,C,Grassland,7,,N,Y,Y,125,
GCT1C8,GCT1C8,,,151,Grass Litter,Closed,1,C,Grassland,8,,N,Y,Y,126,
GCT2A1,GCT2A1,,,27,Grass Litter,Closed,2,A,Shrubland,1,,N,Y,Y,241,
GCT2A2,GCT2A2,,,87,Grass Litter,Closed,2,A,Shrubland,2,,N,Y,Y,242,
GCT2A3,GCT2A3,,,319,Grass Litter,Closed,2,A,Shrubland,3,,N,Y,Y,243,
GCT2A4,GCT2A4,,,116,Grass Litter,Closed,2,A,Shrubland,4,,N,Y,Y,244,
GCT2A5,GCT2A5,,,144,Grass Litter,Closed,2,A,Grassland,5,,N,Y,Y,253,
GCT2A7,GCT2A7,,,270,Grass Litter,Closed,2,A,Grassland,7,,N,Y,Y,255,
GCT2A8,GCT2A8,,,247,Grass Litter,Closed,2,A,Grassland,8,,N,Y,Y,256,
GCT2B1,GCT2B1,,,181,Grass Litter,Closed,2,B,Shrubland,1,,N,Y,Y,245,
GCT2B2,GCT2B2,,,6,Grass Litter,Closed,2,B,Shrubland,2,,N,Y,Y,246,
GCT2B3,GCT2B3,,,208,Grass Litter,Closed,2,B,Shrubland,3,,N,Y,Y,247,
GCT2B4,GCT2B4,,,23,Grass Litter,Closed,2,B,Shrubland,4,,N,Y,Y,248,
GCT2B5,GCT2B5,,,320,Grass Litter,Closed,2,B,Grassland,5,,N,Y,Y,257,
GCT2B6,GCT2B6,,,236,Grass Litter,Closed,2,B,Grassland,6,,N,Y,Y,258,
GCT2B7,GCT2B7,,,2,Grass Litter,Closed,2,B,Grassland,7,,N,Y,Y,259,
GCT2B8,GCT2B8,,,61,Grass Litter,Closed,2,B,Grassland,8,,N,Y,Y,260,
GCT2C1,GCT2C1,,,127,Grass Litter,Closed,2,C,Shrubland,1,,N,Y,Y,249,
GCT2C2,GCT2C2,,,83,Grass Litter,Closed,2,C,Shrubland,2,,N,Y,Y,250,
GCT2C3,GCT2C3,,,70,Grass Litter,Closed,2,C,Shrubland,3,,N,Y,Y,251,
GCT2C4,GCT2C4,,,292,Grass Litter,Closed,2,C,Shrubland,4,,N,Y,Y,252,
GCT2C5,GCT2C5,,,153,Grass Litter,Closed,2,C,Grassland,5,,N,Y,Y,261,
GCT2C6,GCT2C6,,,12,Grass Litter,Closed,2,C,Grassland,6,,N,Y,Y,262,
GCT2C7,GCT2C7,,,35,Grass Litter,Closed,2,C,Grassland,7,,N,Y,Y,263,
GCT2C8,GCT2C8,,,298,Grass Litter,Closed,2,C,Grassland,8,,N,Y,Y,264,
GCT4A1,GCT4A1,,,63,Grass Litter,Closed,4,A,Shrubland,1,,N,Y,Y,427,
GCT4A2,GCT4A2,,,306,Grass Litter,Closed,4,A,Shrubland,2,,N,Y,Y,428,
GCT4A3,GCT4A3,,,136,Grass Litter,Closed,4,A,Shrubland,3,,N,Y,Y,429,
GCT4A4,GCT4A4,,,32,Grass Litter,Closed,4,A,Shrubland,4,,N,Y,Y,430,
GCT4A5,GCT4A5,,,220,Grass Litter,Closed,4,A,Grassland,5,,N,Y,Y,439,
GCT4A6,GCT4A6,,,231,Grass Litter,Closed,4,A,Grassland,6,,N,Y,Y,440,
GCT4A7,GCT4A7,,,157,Grass Litter,Closed,4,A,Grassland,7,,N,Y,Y,441,
GCT4A8,GCT4A8,,,98,Grass Litter,Closed,4,A,Grassland,8,,N,Y,Y,442,
GCT4B1,GCT4B1,,,54,Grass Litter,Closed,4,B,Shrubland,1,,N,Y,Y,431,
GCT4B2,GCT4B2,,,287,Grass Litter,Closed,4,B,Shrubland,2,,N,Y,Y,432,
GCT4B3,GCT4B3,,,253,Grass Litter,Closed,4,B,Shrubland,3,,N,Y,Y,433,
GCT4B4,GCT4B4,,,229,Grass Litter,Closed,4,B,Shrubland,4,,N,Y,Y,434,
GCT4B5,GCT4B5,,,238,Grass Litter,Closed,4,B,Grassland,5,,N,Y,Y,443,
GCT4B6,GCT4B6,,,274,Grass Litter,Closed,4,B,Grassland,6,,N,Y,Y,444,
GCT4B7,GCT4B7,,,310,Grass Litter,Closed,4,B,Grassland,7,,N,Y,Y,445,
GCT4B8,GCT4B8,,,257,Grass Litter,Closed,4,B,Grassland,8,,N,Y,Y,446,
GCT4C1,GCT4C1,,,62,Grass Litter,Closed,4,C,Shrubland,1,,N,Y,Y,435,
GCT4C2,GCT4C2,,,250,Grass Litter,Closed,4,C,Shrubland,2,,N,Y,Y,436,
GCT4C3,GCT4C3,,,251,Grass Litter,Closed,4,C,Shrubland,3,,N,Y,Y,437,
GCT4C4,GCT4C4,,,290,Grass Litter,Closed,4,C,Shrubland,4,,N,Y,Y,438,
GCT4C5,GCT4C5,,,282,Grass Litter,Closed,4,C,Grassland,5,,N,Y,Y,447,
GCT4C6,GCT4C6,,,106,Grass Litter,Closed,4,C,Grassland,6,,N,Y,Y,448,
GCT4C7,GCT4C7,,,301,Grass Litter,Closed,4,C,Grassland,7,,N,Y,Y,449,
SCT1A1,SCT1A1,,,196,Shrub Litter,Closed,1,A,Shrubland,1,,N,Y,Y,55,
SCT1A2,SCT1A2,,,284,Shrub Litter,Closed,1,A,Shrubland,2,,N,Y,Y,56,
SCT1A6,SCT1A3,,,114,Shrub Litter,Closed,1,A,Shrubland,3,,N,Y,Y,68,
SCT1A8,SCT1A4,,,113,Shrub Litter,Closed,1,A,Shrubland,4,,N,Y,Y,70,
SCT1A5,SCT1A5,,,268,Shrub Litter,Closed,1,A,Grassland,5,,N,Y,Y,67,
SCT1A3,SCT1A6,,,281,Shrub Litter,Closed,1,A,Grassland,6,,N,Y,Y,57,
SCT1A7,SCT1A7,,,100,Shrub Litter,Closed,1,A,Grassland,7,,N,Y,Y,69,
SCT1A4,SCT1A8,,,29,Shrub Litter,Closed,1,A,Grassland,8,,N,Y,Y,58,
SCT1B1,SCT1B1,,,166,Shrub Litter,Closed,1,B,Shrubland,1,,N,Y,Y,59,
SCT1B2,SCT1B2,,,228,Shrub Litter,Closed,1,B,Shrubland,2,,N,Y,Y,60,
SCT1B6,SCT1B3,,,277,Shrub Litter,Closed,1,B,Shrubland,3,,N,Y,Y,72,
SCT1B7,SCT1B4,,,71,Shrub Litter,Closed,1,B,Shrubland,4,,N,Y,Y,73,
SCT1B5,SCT1B5,,,217,Shrub Litter,Closed,1,B,Grassland,5,,N,Y,Y,71,
SCT1B3,SCT1B6,,,170,Shrub Litter,Closed,1,B,Grassland,6,,N,Y,Y,61,
SCT1B4,SCT1B7,,,289,Shrub Litter,Closed,1,B,Grassland,7,,N,Y,Y,62,
SCT1B8,SCT1B8,,,7,Shrub Litter,Closed,1,B,Grassland,8,,N,Y,Y,74,
SCT1C6,SCT1C1,,,68,Shrub Litter,Closed,1,C,Shrubland,1,,N,Y,Y,76,
SCT1C2,SCT1C2,,,38,Shrub Litter,Closed,1,C,Shrubland,2,,N,Y,Y,64,
SCT1C7,SCT1C3,,,102,Shrub Litter,Closed,1,C,Shrubland,3,,N,Y,Y,77,
SCT1C4,SCT1C4,,,186,Shrub Litter,Closed,1,C,Shrubland,4,,N,Y,Y,66,
SCT1C5,SCT1C5,,,207,Shrub Litter,Closed,1,C,Grassland,5,,N,Y,Y,75,
SCT1C1,SCT1C6,,,198,Shrub Litter,Closed,1,C,Grassland,6,,N,Y,Y,63,
SCT1C3,SCT1C7,,,233,Shrub Litter,Closed,1,C,Grassland,7,,N,Y,Y,65,
SCT1C8,SCT1C8,,,121,Shrub Litter,Closed,1,C,Grassland,8,,N,Y,Y,78,
SCT2A1,SCT2A1,,,304,Shrub Litter,Closed,2,A,Shrubland,1,,N,Y,Y,193,
SCT2A8,SCT2A2,,,119,Shrub Litter,Closed,2,A,Shrubland,2,,N,Y,Y,208,
SCT2A5,SCT2A3,,,241,Shrub Litter,Closed,2,A,Shrubland,3,,N,Y,Y,205,
SCT2A4,SCT2A4,,,264,Shrub Litter,Closed,2,A,Shrubland,4,,N,Y,Y,196,
SCT2A3,SCT2A5,,,192,Shrub Litter,Closed,2,A,Grassland,5,,N,Y,Y,195,
SCT2A6,SCT2A6,,,150,Shrub Litter,Closed,2,A,Grassland,6,,N,Y,Y,206,
SCT2A7,SCT2A7,,,314,Shrub Litter,Closed,2,A,Grassland,7,,N,Y,Y,207,
SCT2A2,SCT2A8,,,177,Shrub Litter,Closed,2,A,Grassland,8,,N,Y,Y,194,
SCT2B1,SCT2B1,,,154,Shrub Litter,Closed,2,B,Shrubland,1,,N,Y,Y,197,
SCT2B8,SCT2B2,,,176,Shrub Litter,Closed,2,B,Shrubland,2,,N,Y,Y,212,
SCT2B6,SCT2B3,,,20,Shrub Litter,Closed,2,B,Shrubland,3,,N,Y,Y,210,
SCT2B4,SCT2B4,,,213,Shrub Litter,Closed,2,B,Shrubland,4,,N,Y,Y,200,
SCT2B5,SCT2B5,,,203,Shrub Litter,Closed,2,B,Grassland,5,,N,Y,Y,209,
SCT2B3,SCT2B6,,,244,Shrub Litter,Closed,2,B,Grassland,6,,N,Y,Y,199,
SCT2B7,SCT2B7,,,73,Shrub Litter,Closed,2,B,Grassland,7,,N,Y,Y,211,
SCT2B2,SCT2B8,,,173,Shrub Litter,Closed,2,B,Grassland,8,,N,Y,Y,198,
SCT2C8,SCT2C1,,,195,Shrub Litter,Closed,2,C,Shrubland,1,,N,Y,Y,216,
SCT2C7,SCT2C2,,,126,Shrub Litter,Closed,2,C,Shrubland,2,,N,Y,Y,215,
SCT2C3,SCT2C3,,,5,Shrub Litter,Closed,2,C,Shrubland,3,,N,Y,Y,203,
SCT2C4,SCT2C4,,,226,Shrub Litter,Closed,2,C,Shrubland,4,,N,Y,Y,204,
SCT2C5,SCT2C5,,,156,Shrub Litter,Closed,2,C,Grassland,5,,N,Y,Y,213,
SCT2C6,SCT2C6,,,260,Shrub Litter,Closed,2,C,Grassland,6,,N,Y,Y,214,
SCT2C2,SCT2C7,,,110,Shrub Litter,Closed,2,C,Grassland,7,,N,Y,Y,202,
SCT2C1,SCT2C8,,,43,Shrub Litter,Closed,2,C,Grassland,8,,N,Y,Y,201,
SCT4A1,SCT4A1,,,223,Shrub Litter,Closed,4,A,Shrubland,1,,N,Y,Y,379,
SCT4A2,SCT4A2,,,81,Shrub Litter,Closed,4,A,Shrubland,2,,N,Y,Y,380,
SCT4A6,SCT4A3,,,55,Shrub Litter,Closed,4,A,Shrubland,3,,N,Y,Y,392,
SCT4A8,SCT4A4,,,296,Shrub Litter,Closed,4,A,Shrubland,4,,N,Y,Y,394,
SCT4A5,SCT4A5,,,42,Shrub Litter,Closed,4,A,Grassland,5,,N,Y,Y,391,
SCT4A3,SCT4A6,,,108,Shrub Litter,Closed,4,A,Grassland,6,,N,Y,Y,381,
SCT4A7,SCT4A7,,,89,Shrub Litter,Closed,4,A,Grassland,7,,N,Y,Y,393,
SCT4A4,SCT4A8,,,299,Shrub Litter,Closed,4,A,Grassland,8,,N,Y,Y,382,
SCT4B1,SCT4B1,,,34,Shrub Litter,Closed,4,B,Shrubland,1,,N,Y,Y,383,
SCT4B8,SCT4B2,,,141,Shrub Litter,Closed,4,B,Shrubland,2,,N,Y,Y,398,
SCT4B3,SCT4B3,,,45,Shrub Litter,Closed,4,B,Shrubland,3,,N,Y,Y,385,
SCT4B6,SCT4B4,,,249,Shrub Litter,Closed,4,B,Shrubland,4,,N,Y,Y,396,
SCT4B5,SCT4B5,,,197,Shrub Litter,Closed,4,B,Grassland,5,,N,Y,Y,395,
SCT4B4,SCT4B6,,,88,Shrub Litter,Closed,4,B,Grassland,6,,N,Y,Y,386,
SCT4B7,SCT4B7,,,184,Shrub Litter,Closed,4,B,Grassland,7,,N,Y,Y,397,
SCT4B2,SCT4B8,,,9,Shrub Litter,Closed,4,B,Grassland,8,,N,Y,Y,384,
SCT4C1,SCT4C1,,,258,Shrub Litter,Closed,4,C,Shrubland,1,,N,Y,Y,387,
SCT4C2,SCT4C2,,,252,Shrub Litter,Closed,4,C,Shrubland,2,,N,Y,Y,388,
SCT4C7,SCT4C3,,,95,Shrub Litter,Closed,4,C,Shrubland,3,,N,Y,Y,401,
SCT4C8,SCT4C4,,,74,Shrub Litter,Closed,4,C,Shrubland,4,,N,Y,Y,402,
SCT4C5,SCT4C5,,,218,Shrub Litter,Closed,4,C,Grassland,5,,N,Y,Y,399,
SCT4C6,SCT4C6,,,109,Shrub Litter,Closed,4,C,Grassland,6,,N,Y,Y,400,
SCT4C3,SCT4C7,,,26,Shrub Litter,Closed,4,C,Grassland,7,,N,Y,Y,389,
SCT4C4,SCT4C8,,,214,Shrub Litter,Closed,4,C,Grassland,8,,N,Y,Y,390,
LCT1R1,LCT1R1,,,,Glass Slide,Closed,1,C,Boundary,B,5,Y,N,N,151,
LCT1R2,LCT1R2,,,,Glass Slide,Closed,1,B,Boundary,B,7,Y,N,N,152,
LCT1R3,LCT1R3,,,,Glass Slide,Closed,1,C,Boundary,B,16,Y,N,N,153,
LCT1R4,LCT1R4,,,,Glass Slide,Closed,1,A,Boundary,B,2,Y,N,N,154,
LCT2R1,LCT2R1,,,,Glass Slide,Closed,2,A,Boundary,B,40,Y,N,N,289,
LCT2R2,LCT2R2,,,,Glass Slide,Closed,2,B,Boundary,B,56,Y,N,N,290,
LCT2R3,LCT2R3,,,,Glass Slide,Closed,2,B,Boundary,B,53,Y,N,N,291,
LCT2R4,LCT2R4,,,,Glass Slide,Closed,2,C,Boundary,B,39,Y,N,N,292,
LCT2R5,LCT2R5,,,,Glass Slide,Closed,2,A,Boundary,B,38,Y,N,N,293,
LCT3R1,LCT3R1,,,,Glass Slide,Closed,3,C,Boundary,B,84,Y,N,N,337,
LCT3R2,LCT3R2,,,,Glass Slide,Closed,3,B,Boundary,B,93,Y,N,N,338,
LCT3R3,LCT3R3,,,,Glass Slide,Closed,3,C,Boundary,B,104,Y,N,N,339,
LCT3R4,LCT3R4,,,,Glass Slide,Closed,3,A,Boundary,B,96,Y,N,N,340,
LCT4R1,LCT4R1,,,,Glass Slide,Closed,4,A,Boundary,B,114,Y,N,N,475,
LCT4R2,LCT4R2,,,,Glass Slide,Closed,4,C,Boundary,B,131,Y,N,N,476,
LCT4R3,LCT4R3,,,,Glass Slide,Closed,4,A,Boundary,B,120,Y,N,N,477,
LCT4R4,LCT4R4,,,,Glass Slide,Closed,4,B,Boundary,B,149,Y,N,N,478,
LCT4R5,LCT4R5,,,,Glass Slide,Closed,4,B,Boundary,B,113,Y,N,N,479,
LDT0R1,LDT0R1G,,89,,Glass Slide,Death,0,,Grassland,,,Y,N,Y,,
LDT0R2,LDT0R2G,,151,,Glass Slide,Death,0,,Grassland,,,Y,N,Y,,
LDT0R3,LDT0R3G,,44,,Glass Slide,Death,0,,Grassland,,,Y,N,Y,,
LDT0R4,LDT0R4G,,121,,Glass Slide,Death,0,,Grassland,,,Y,N,Y,,
LDT0R5,LDT0R5G,,78,,Glass Slide,Death,0,,Grassland,,,Y,N,Y,,
LDT0R6,LDT0R6G,,107,,Glass Slide,Death,0,,Grassland,,,Y,N,Y,,
LDT0R7,LDT0R1S,,127,,Glass Slide,Death,0,,Shrubland,,,Y,N,Y,,
LDT0R8,LDT0R2S,,138,,Glass Slide,Death,0,,Shrubland,,,Y,N,Y,,
LDT0R9,LDT0R3S,,68,,Glass Slide,Death,0,,Shrubland,,,Y,N,Y,,
LDT0R10,LDT0R4S,,111,,Glass Slide,Death,0,,Shrubland,,,Y,N,Y,,
LDT0R11,LDT0R5S,,6,,Glass Slide,Death,0,,Shrubland,,,Y,N,Y,,
LDT0R12,LDT0R6S,,128,,Glass Slide,Death,0,,Shrubland,,,Y,N,Y,,
LDT1R1,LDT1R1AS,,9,,Glass Slide,Death,1,A,Shrubland,2,33,Y,N,Y,157,
LDT1R2,LDT1R2BS,,106,,Glass Slide,Death,1,B,Shrubland,2,35,Y,N,Y,158,
LDT1R3,LDT1R3CS,,71,,Glass Slide,Death,1,C,Shrubland,2,4,Y,N,Y,159,
LDT1R4,LDT1R4AG,,66,,Glass Slide,Death,1,A,Grassland,7,23,Y,N,Y,160,
LDT1R5,LDT1R5BG,,91,,Glass Slide,Death,1,B,Grassland,7,10,Y,N,Y,161,
LDT1R6,LDT1R6CG,,53,,Glass Slide,Death,1,C,Grassland,7,11,Y,N,Y,162,
LDT1R7,LDT1R7AS,,130,,Glass Slide,Death,1,A,Shrubland,2,13,Y,N,Y,163,
LDT1R8,LDT1R8BG,,67,,Glass Slide,Death,1,B,Grassland,7,28,Y,N,Y,164,
LDT2R10,LDT2R10CG,,21,,Glass Slide,Death,2,C,Grassland,7,62,Y,N,Y,304,
LDT2R1,LDT2R1AS,,62,,Glass Slide,Death,2,A,Shrubland,2,72,Y,N,Y,295,
LDT2R2,LDT2R2BS,,150,,Glass Slide,Death,2,B,Shrubland,2,54,Y,N,Y,296,
LDT2R3,LDT2R3CS,,118,,Glass Slide,Death,2,C,Shrubland,2,44,Y,N,Y,297,
LDT2R4,LDT2R4AG,,92,,Glass Slide,Death,2,A,Grassland,7,45,Y,N,Y,298,
LDT2R5,LDT2R5BG,,60,,Glass Slide,Death,2,B,Grassland,7,46,Y,N,Y,299,
LDT2R6,LDT2R6CG,,56,,Glass Slide,Death,2,C,Grassland,7,42,Y,N,Y,300,
LDT2R7,LDT2R7CS,,1,,Glass Slide,Death,2,C,Shrubland,2,43,Y,N,Y,301,
LDT2R8,LDT2R8AS,,22,,Glass Slide,Death,2,A,Shrubland,2,64,Y,N,Y,302,
LDT2R9,LDT2R9BG,,157,,Glass Slide,Death,2,B,Grassland,7,74,Y,N,Y,303,
LDT3R1,LDT3R1AS,,73,,Glass Slide,Death,3,A,Shrubland,2,102,Y,N,Y,343,
LDT3R2,LDT3R2BS,,75,,Glass Slide,Death,3,B,Shrubland,2,95,Y,N,Y,344,
LDT3R3,LDT3R3CS,,69,,Glass Slide,Death,3,C,Shrubland,2,106,Y,N,Y,345,
LDT3R4,LDT3R4AG,,42,,Glass Slide,Death,3,A,Grassland,7,80,Y,N,Y,346,
LDT3R5,LDT3R5BG,,63,,Glass Slide,Death,3,B,Grassland,7,110,Y,N,Y,347,
LDT3R6,LDT3R6CG,,112,,Glass Slide,Death,3,C,Grassland,7,90,Y,N,Y,348,
LDT3R7,LDT3R7AS,,144,,Glass Slide,Death,3,A,Shrubland,2,97,Y,N,Y,349,
LDT3R8,LDT3R8BG,,140,,Glass Slide,Death,3,B,Grassland,7,101,Y,N,Y,350,
LDT4R1,LDT4R1AS,,32,,Glass Slide,Death,4,A,Shrubland,2,142,Y,N,Y,481,
LDT4R2,LDT4R2BS,,33,,Glass Slide,Death,4,B,Shrubland,2,144,Y,N,Y,482,
LDT4R3,LDT4R3CS,,94,,Glass Slide,Death,4,C,Shrubland,2,145,Y,N,Y,483,
LDT4R4,LDT4R4AG,,34,,Glass Slide,Death,4,A,Grassland,7,130,Y,N,Y,484,
LDT4R5,LDT4R5BG,,100,,Glass Slide,Death,4,B,Grassland,7,122,Y,N,Y,485,
LDT4R6,LDT4R6CG,,114,,Glass Slide,Death,4,C,Grassland,7,136,Y,N,Y,486,
LDT4R7,LDT4R7CS,,14,,Glass Slide,Death,4,C,Shrubland,2,121,Y,N,Y,487,
LDT4R8,LDT4R8AS,,25,,Glass Slide,Death,4,A,Shrubland,2,117,Y,N,Y,488,
LDT4R9,LDT4R9BG,,109,,Glass Slide,Death,4,B,Grassland,7,141,Y,N,Y,489,
LOT1A1,LOT1A1,,141,,Glass Slide,Open,1,A,Shrubland,1,6,Y,N,Y,127,
LOT1A2,LOT1A2,,37,,Glass Slide,Open,1,A,Shrubland,2,31,Y,N,Y,128,
LOT1A3,LOT1A3,,122,,Glass Slide,Open,1,A,Shrubland,3,26,Y,N,Y,129,
LOT1A4,LOT1A4,,29,,Glass Slide,Open,1,A,Shrubland,4,25,Y,N,Y,130,
LOT1A5,LOT1A5,,86,,Glass Slide,Open,1,A,Grassland,5,29,Y,N,Y,139,
LOT1A6,LOT1A6,,20,,Glass Slide,Open,1,A,Grassland,6,24,Y,N,Y,140,
LOT1A7,LOT1A7,,45,,Glass Slide,Open,1,A,Grassland,7,3,Y,N,Y,141,
LOT1A8,LOT1A8,,90,,Glass Slide,Open,1,A,Grassland,8,1,Y,N,Y,142,
LOT1B1,LOT1B1,,119,,Glass Slide,Open,1,B,Shrubland,1,19,Y,N,Y,131,
LOT1B2,LOT1B2,,129,,Glass Slide,Open,1,B,Shrubland,2,20,Y,N,Y,132,
LOT1B3,LOT1B3,,147,,Glass Slide,Open,1,B,Shrubland,3,34,Y,N,Y,133,
LOT1B4,LOT1B4,,142,,Glass Slide,Open,1,B,Shrubland,4,36,Y,N,Y,134,
LOT1B5,LOT1B5,,52,,Glass Slide,Open,1,B,Grassland,5,15,Y,N,Y,143,
LOT1B6,LOT1B6,,132,,Glass Slide,Open,1,B,Grassland,6,27,Y,N,Y,144,
LOT1B7,LOT1B7,,154,,Glass Slide,Open,1,B,Grassland,7,9,Y,N,Y,145,
LOT1B8,LOT1B8,,145,,Glass Slide,Open,1,B,Grassland,8,30,Y,N,Y,146,
LOT1C1,LOT1C1,,3,,Glass Slide,Open,1,C,Shrubland,1,8,Y,N,Y,135,
LOT1C2,LOT1C2,,98,,Glass Slide,Open,1,C,Shrubland,2,17,Y,N,Y,136,
LOT1C3,LOT1C3,,103,,Glass Slide,Open,1,C,Shrubland,3,22,Y,N,Y,137,
LOT1C4,LOT1C4,,79,,Glass Slide,Open,1,C,Shrubland,4,18,Y,N,Y,138,
LOT1C5,LOT1C5,,8,,Glass Slide,Open,1,C,Grassland,5,12,Y,N,Y,147,
LOT1C6,LOT1C6,,80,,Glass Slide,Open,1,C,Grassland,6,32,Y,N,Y,148,
LOT1C7,LOT1C7,,12,,Glass Slide,Open,1,C,Grassland,7,21,Y,N,Y,149,
LOT1C8,LOT1C8,,50,,Glass Slide,Open,1,C,Grassland,8,14,Y,N,Y,150,
LOT2A1,LOT2A1,,41,,Glass Slide,Open,2,A,Shrubland,1,73,Y,N,Y,265,
LOT2A2,LOT2A2,,39,,Glass Slide,Open,2,A,Shrubland,2,55,Y,N,Y,266,
LOT2A3,LOT2A3,,36,,Glass Slide,Open,2,A,Shrubland,3,63,Y,N,Y,267,
LOT2A4,LOT2A4,,31,,Glass Slide,Open,2,A,Shrubland,4,67,Y,N,Y,268,
LOT2A5,LOT2A5,,64,,Glass Slide,Open,2,A,Grassland,5,58,Y,N,Y,277,
LOT2A6,LOT2A6,,13,,Glass Slide,Open,2,A,Grassland,6,52,Y,N,Y,278,
LOT2A7,LOT2A7,,83,,Glass Slide,Open,2,A,Grassland,7,60,Y,N,Y,279,
LOT2A8,LOT2A8,,23,,Glass Slide,Open,2,A,Grassland,8,41,Y,N,Y,280,
LOT2B1,LOT2B1,,139,,Glass Slide,Open,2,B,Shrubland,1,57,Y,N,Y,269,
LOT2B2,LOT2B2,,133,,Glass Slide,Open,2,B,Shrubland,2,70,Y,N,Y,270,
LOT2B3,LOT2B3,,43,,Glass Slide,Open,2,B,Shrubland,3,51,Y,N,Y,271,
LOT2B4,LOT2B4,,93,,Glass Slide,Open,2,B,Shrubland,4,71,Y,N,Y,272,
LOT2B5,LOT2B5,,18,,Glass Slide,Open,2,B,Grassland,5,75,Y,N,Y,281,
LOT2B6,LOT2B6,,148,,Glass Slide,Open,2,B,Grassland,6,50,Y,N,Y,282,
LOT2B7,LOT2B7,,28,,Glass Slide,Open,2,B,Grassland,7,65,Y,N,Y,283,
LOT2B8,LOT2B8,,104,,Glass Slide,Open,2,B,Grassland,8,47,Y,N,Y,284,
LOT2C1,LOT2C1,,124,,Glass Slide,Open,2,C,Shrubland,1,49,Y,N,Y,273,
LOT2C2,LOT2C2,,24,,Glass Slide,Open,2,C,Shrubland,2,48,Y,N,Y,274,
LOT2C3,LOT2C3,,48,,Glass Slide,Open,2,C,Shrubland,3,59,Y,N,Y,275,
LOT2C4,LOT2C4,,85,,Glass Slide,Open,2,C,Shrubland,4,68,Y,N,Y,276,
LOT2C5,LOT2C5,,19,,Glass Slide,Open,2,C,Grassland,5,69,Y,N,Y,285,
LOT2C6,LOT2C6,,134,,Glass Slide,Open,2,C,Grassland,6,61,Y,N,Y,286,
LOT2C7,LOT2C7,,49,,Glass Slide,Open,2,C,Grassland,7,37,Y,N,Y,287,
LOT2C8,LOT2C8,,126,,Glass Slide,Open,2,C,Grassland,8,66,Y,N,Y,288,
LOT3A1,LOT3A1,,7,,Glass Slide,Open,3,A,Shrubland,1,89,Y,N,Y,313,
LOT3A2,LOT3A2,,65,,Glass Slide,Open,3,A,Shrubland,2,108,Y,N,Y,314,
LOT3A3,LOT3A3,,136,,Glass Slide,Open,3,A,Shrubland,3,82,Y,N,Y,315,
LOT3A5,LOT3A5,,77,,Glass Slide,Open,3,A,Grassland,5,92,Y,N,Y,325,
LOT3A6,LOT3A6,,30,,Glass Slide,Open,3,A,Grassland,6,109,Y,N,Y,326,
LOT3A7,LOT3A7,,146,,Glass Slide,Open,3,A,Grassland,7,103,Y,N,Y,327,
LOT3A8,LOT3A8,,113,,Glass Slide,Open,3,A,Grassland,8,79,Y,N,Y,328,
LOT3B1,LOT3B1,,137,,Glass Slide,Open,3,B,Shrubland,1,76,Y,N,Y,317,
LOT3B2,LOT3B2,,26,,Glass Slide,Open,3,B,Shrubland,2,77,Y,N,Y,318,
LOT3B3,LOT3B3,,101,,Glass Slide,Open,3,B,Shrubland,3,88,Y,N,Y,319,
LOT3B4,LOT3B4,,84,,Glass Slide,Open,3,B,Shrubland,4,99,Y,N,Y,320,
LOT3B5,LOT3B5,,125,,Glass Slide,Open,3,B,Grassland,5,94,Y,N,Y,329,
LOT3B6,LOT3B6,,5,,Glass Slide,Open,3,B,Grassland,6,91,Y,N,Y,330,
LOT3B7,LOT3B7,,46,,Glass Slide,Open,3,B,Grassland,7,87,Y,N,Y,331,
LOT3B8,LOT3B8,,51,,Glass Slide,Open,3,B,Grassland,8,111,Y,N,Y,332,
LOT3C1,LOT3C1,,97,,Glass Slide,Open,3,C,Shrubland,1,83,Y,N,Y,321,
LOT3C2,LOT3C2,,61,,Glass Slide,Open,3,C,Shrubland,2,78,Y,N,Y,322,
LOT3C3,LOT3C3,,54,,Glass Slide,Open,3,C,Shrubland,3,107,Y,N,Y,323,
LOT3C4,LOT3C4,,158,,Glass Slide,Open,3,C,Shrubland,4,105,Y,N,Y,324,
LOT3C5,LOT3C5,,55,,Glass Slide,Open,3,C,Grassland,5,98,Y,N,Y,333,
LOT3C6,LOT3C6,,15,,Glass Slide,Open,3,C,Grassland,6,100,Y,N,Y,334,
LOT3C7,LOT3C7,,108,,Glass Slide,Open,3,C,Grassland,7,81,Y,N,Y,335,
LOT3C8,LOT3C8,,102,,Glass Slide,Open,3,C,Grassland,8,85,Y,N,Y,336,
LOT3A4,LOT3A4,,95,,Glass Slide,Open,4,A,Shrubland,4,86,Y,N,Y,316,
LOT4A1,LOT4A1,,135,,Glass Slide,Open,4,A,Shrubland,1,137,Y,N,Y,451,
LOT4A2,LOT4A2,,99,,Glass Slide,Open,4,A,Shrubland,2,129,Y,N,Y,452,
LOT4A3,LOT4A3,,17,,Glass Slide,Open,4,A,Shrubland,3,119,Y,N,Y,453,
LOT4A4,LOT4A4,,155,,Glass Slide,Open,4,A,Shrubland,4,146,Y,N,Y,454,
LOT4A5,LOT4A5,,105,,Glass Slide,Open,4,A,Grassland,5,134,Y,N,Y,463,
LOT4A6,LOT4A6,,11,,Glass Slide,Open,4,A,Grassland,6,135,Y,N,Y,464,
LOT4A7,LOT4A7,,16,,Glass Slide,Open,4,A,Grassland,7,133,Y,N,Y,465,
LOT4A8,LOT4A8,,40,,Glass Slide,Open,4,A,Grassland,8,147,Y,N,Y,466,
LOT4B1,LOT4B1,,38,,Glass Slide,Open,4,B,Shrubland,1,125,Y,N,Y,455,
LOT4B2,LOT4B2,,143,,Glass Slide,Open,4,B,Shrubland,2,116,Y,N,Y,456,
LOT4B3,LOT4B3,,27,,Glass Slide,Open,4,B,Shrubland,3,148,Y,N,Y,457,
LOT4B4,LOT4B4,,120,,Glass Slide,Open,4,B,Shrubland,4,132,Y,N,Y,458,
LOT4B5,LOT4B5,,76,,Glass Slide,Open,4,B,Grassland,5,112,Y,N,Y,467,
LOT4B6,LOT4B6,,131,,Glass Slide,Open,4,B,Grassland,6,123,Y,N,Y,468,
LOT4B7,LOT4B7,,116,,Glass Slide,Open,4,B,Grassland,7,127,Y,N,Y,469,
LOT4B8,LOT4B8,,70,,Glass Slide,Open,4,B,Grassland,8,126,Y,N,Y,470,
LOT4C1,LOT4C1,,74,,Glass Slide,Open,4,C,Shrubland,1,128,Y,N,Y,459,
LOT4C2,LOT4C2,,58,,Glass Slide,Open,4,C,Shrubland,2,115,Y,N,Y,460,
LOT4C3,LOT4C3,,4,,Glass Slide,Open,4,C,Shrubland,3,138,Y,N,Y,461,
LOT4C4,LOT4C4,,115,,Glass Slide,Open,4,C,Shrubland,4,143,Y,N,Y,462,
LOT4C5,LOT4C5,,35,,Glass Slide,Open,4,C,Grassland,5,124,Y,N,Y,471,
LOT4C6,LOT4C6,,152,,Glass Slide,Open,4,C,Grassland,6,118,Y,N,Y,472,
LOT4C7,LOT4C7,,47,,Glass Slide,Open,4,C,Grassland,7,139,Y,N,Y,473,
LOT4C8,LOT4C8,,81,,Glass Slide,Open,4,C,Grassland,8,140,Y,N,Y,474,
GOT1A1,GOT1A1,,,52,Grass Litter,Open,1,A,Shrubland,1,,N,Y,Y,79,
GOT1A2,GOT1A2,,,182,Grass Litter,Open,1,A,Shrubland,2,,N,Y,Y,80,
GOT1A3,GOT1A3,,,240,Grass Litter,Open,1,A,Shrubland,3,,N,Y,Y,81,
GOT1A4,GOT1A4,,,44,Grass Litter,Open,1,A,Shrubland,4,,N,Y,Y,82,
GOT1A5,GOT1A5,,,33,Grass Litter,Open,1,A,Grassland,5,,N,Y,Y,91,
GOT1A6,GOT1A6,,,169,Grass Litter,Open,1,A,Grassland,6,,N,Y,Y,92,
GOT1A7,GOT1A7,,,175,Grass Litter,Open,1,A,Grassland,7,,N,Y,Y,93,
GOT1A8,GOT1A8,,,137,Grass Litter,Open,1,A,Grassland,8,,N,Y,Y,94,
GOT1B1,GOT1B1,,,84,Grass Litter,Open,1,B,Shrubland,1,,N,Y,Y,83,
GOT1B2,GOT1B2,,,237,Grass Litter,Open,1,B,Shrubland,2,,N,Y,Y,84,
GOT1B3,GOT1B3,,,133,Grass Litter,Open,1,B,Shrubland,3,,N,Y,Y,85,
GOT1B4,GOT1B4,,,259,Grass Litter,Open,1,B,Shrubland,4,,N,Y,Y,86,
GOT1B5,GOT1B5,,,138,Grass Litter,Open,1,B,Grassland,5,,N,Y,Y,95,
GOT1B6,GOT1B6,,,286,Grass Litter,Open,1,B,Grassland,6,,N,Y,Y,96,
GOT1B7,GOT1B7,,,311,Grass Litter,Open,1,B,Grassland,7,,N,Y,Y,97,
GOT1B8,GOT1B8,,,92,Grass Litter,Open,1,B,Grassland,8,,N,Y,Y,98,
GOT1C1,GOT1C1,,,262,Grass Litter,Open,1,C,Shrubland,1,,N,Y,Y,87,
GOT1C2,GOT1C2,,,36,Grass Litter,Open,1,C,Shrubland,2,,N,Y,Y,88,
GOT1C3,GOT1C3,,,56,Grass Litter,Open,1,C,Shrubland,3,,N,Y,Y,89,
GOT1C4,GOT1C4,,,210,Grass Litter,Open,1,C,Shrubland,4,,N,Y,Y,90,
GOT1C5,GOT1C5,,,206,Grass Litter,Open,1,C,Grassland,5,,N,Y,Y,99,
GOT1C6,GOT1C6,,,128,Grass Litter,Open,1,C,Grassland,6,,N,Y,Y,100,
GOT1C7,GOT1C7,,,300,Grass Litter,Open,1,C,Grassland,7,,N,Y,Y,101,
GOT1C8,GOT1C8,,,246,Grass Litter,Open,1,C,Grassland,8,,N,Y,Y,102,
GOT2A1,GOT2A1,,,24,Grass Litter,Open,2,A,Shrubland,1,,N,Y,Y,217,
GOT2A2,GOT2A2,,,248,Grass Litter,Open,2,A,Shrubland,2,,N,Y,Y,218,
GOT2A3,GOT2A3,,,180,Grass Litter,Open,2,A,Shrubland,3,,N,Y,Y,219,
GOT2A4,GOT2A4,,,267,Grass Litter,Open,2,A,Shrubland,4,,N,Y,Y,220,
GOT2A5,GOT2A5,,,30,Grass Litter,Open,2,A,Grassland,5,,N,Y,Y,229,
GOT2A6,GOT2A6,,,143,Grass Litter,Open,2,A,Grassland,6,,N,Y,Y,230,
GOT2A7,GOT2A7,,,317,Grass Litter,Open,2,A,Grassland,7,,N,Y,Y,231,
GOT2A8,GOT2A8,,,155,Grass Litter,Open,2,A,Grassland,8,,N,Y,Y,232,
GOT2B1,GOT2B1,,,193,Grass Litter,Open,2,B,Shrubland,1,,N,Y,Y,221,
GOT2B2,GOT2B2,,,313,Grass Litter,Open,2,B,Shrubland,2,,N,Y,Y,222,
GOT2B3,GOT2B3,,,129,Grass Litter,Open,2,B,Shrubland,3,,N,Y,Y,223,
GOT2B4,GOT2B4,,,188,Grass Litter,Open,2,B,Shrubland,4,,N,Y,Y,224,
GOT2B5,GOT2B5,,,142,Grass Litter,Open,2,B,Grassland,5,,N,Y,Y,233,
GOT2B6,GOT2B6,,,269,Grass Litter,Open,2,B,Grassland,6,,N,Y,Y,234,
GOT2B7,GOT2B7,,,1,Grass Litter,Open,2,B,Grassland,7,,N,Y,Y,235,
GOT2B8,GOT2B8,,,261,Grass Litter,Open,2,B,Grassland,8,,N,Y,Y,236,
GOT2C1,GOT2C1,,,67,Grass Litter,Open,2,C,Shrubland,1,,N,Y,Y,225,
GOT2C2,GOT2C2,,,191,Grass Litter,Open,2,C,Shrubland,2,,N,Y,Y,226,
GOT2C3,GOT2C3,,,57,Grass Litter,Open,2,C,Shrubland,3,,N,Y,Y,227,
GOT2C4,GOT2C4,,,239,Grass Litter,Open,2,C,Shrubland,4,,N,Y,Y,228,
GOT2C5,GOT2C5,,,321,Grass Litter,Open,2,C,Grassland,5,,N,Y,Y,237,
GOT2C6,GOT2C6,,,227,Grass Litter,Open,2,C,Grassland,6,,N,Y,Y,238,
GOT2C7,GOT2C7,,,4,Grass Litter,Open,2,C,Grassland,7,,N,Y,Y,239,
GOT2C8,GOT2C8,,,297,Grass Litter,Open,2,C,Grassland,8,,N,Y,Y,240,
GOT4A1,GOT4A1,,,86,Grass Litter,Open,4,A,Shrubland,1,,N,Y,Y,403,
GOT4A2,GOT4A2,,,130,Grass Litter,Open,4,A,Shrubland,2,,N,Y,Y,404,
GOT4A3,GOT4A3,,,50,Grass Litter,Open,4,A,Shrubland,3,,N,Y,Y,405,
GOT4A4,GOT4A4,,,178,Grass Litter,Open,4,A,Shrubland,4,,N,Y,Y,406,
GOT4A5,GOT4A5,,,76,Grass Litter,Open,4,A,Grassland,5,,N,Y,Y,415,
GOT4A6,GOT4A6,,,225,Grass Litter,Open,4,A,Grassland,6,,N,Y,Y,416,
GOT4A7,GOT4A7,,,64,Grass Litter,Open,4,A,Grassland,7,,N,Y,Y,417,
GOT4A8,GOT4A8,,,280,Grass Litter,Open,4,A,Grassland,8,,N,Y,Y,418,
GOT4B1,GOT4B1,,,295,Grass Litter,Open,4,B,Shrubland,1,,N,Y,Y,407,
GOT4B2,GOT4B2,,,111,Grass Litter,Open,4,B,Shrubland,2,,N,Y,Y,408,
GOT4B3,GOT4B3,,,200,Grass Litter,Open,4,B,Shrubland,3,,N,Y,Y,409,
GOT4B4,GOT4B4,,,103,Grass Litter,Open,4,B,Shrubland,4,,N,Y,Y,410,
GOT4B5,GOT4B5,,,60,Grass Litter,Open,4,B,Grassland,5,,N,Y,Y,419,
GOT4B6,GOT4B6,,,255,Grass Litter,Open,4,B,Grassland,6,,N,Y,Y,420,
GOT4B7,GOT4B7,,,117,Grass Litter,Open,4,B,Grassland,7,,N,Y,Y,421,
GOT4B8,GOT4B8,,,41,Grass Litter,Open,4,B,Grassland,8,,N,Y,Y,422,
GOT4C1,GOT4C1,,,105,Grass Litter,Open,4,C,Shrubland,1,,N,Y,Y,411,
GOT4C2,GOT4C2,,,215,Grass Litter,Open,4,C,Shrubland,2,,N,Y,Y,412,
GOT4C3,GOT4C3,,,39,Grass Litter,Open,4,C,Shrubland,3,,N,Y,Y,413,
GOT4C4,GOT4C4,,,194,Grass Litter,Open,4,C,Shrubland,4,,N,Y,Y,414,
GOT4C5,GOT4C5,,,167,Grass Litter,Open,4,C,Grassland,5,,N,Y,Y,423,
GOT4C6,GOT4C6,,,139,Grass Litter,Open,4,C,Grassland,6,,N,Y,Y,424,
GOT4C7,GOT4C7,,,224,Grass Litter,Open,4,C,Grassland,7,,N,Y,Y,425,
GOT4C8,GOT4C8,,,164,Grass Litter,Open,4,C,Grassland,8,,N,Y,Y,426,
SOT1A1,SOT1A1,,,101,Shrub Litter,Open,1,A,Shrubland,1,,N,Y,Y,31,
SOT1A8,SOT1A2,,,82,Shrub Litter,Open,1,A,Shrubland,2,,N,Y,Y,46,
SOT1A6,SOT1A3,,,8,Shrub Litter,Open,1,A,Shrubland,3,,N,Y,Y,44,
SOT1A4,SOT1A4,,,187,Shrub Litter,Open,1,A,Shrubland,4,,N,Y,Y,34,
SOT1A5,SOT1A5,,,285,Shrub Litter,Open,1,A,Grassland,5,,N,Y,Y,43,
SOT1A3,SOT1A6,,,18,Shrub Litter,Open,1,A,Grassland,6,,N,Y,Y,33,
SOT1A7,SOT1A7,,,131,Shrub Litter,Open,1,A,Grassland,7,,N,Y,Y,45,
SOT1A2,SOT1A8,,,271,Shrub Litter,Open,1,A,Grassland,8,,N,Y,Y,32,
SOT1B6,SOT1B1,,,201,Shrub Litter,Open,1,B,Shrubland,1,,N,Y,Y,48,
SOT1B2,SOT1B2,,,242,Shrub Litter,Open,1,B,Shrubland,2,,N,Y,Y,36,
SOT1B7,SOT1B3,,,16,Shrub Litter,Open,1,B,Shrubland,3,,N,Y,Y,49,
SOT1B4,SOT1B4,,,11,Shrub Litter,Open,1,B,Shrubland,4,,N,Y,Y,38,
SOT1B5,SOT1B5,,,185,Shrub Litter,Open,1,B,Grassland,5,,N,Y,Y,47,
SOT1B1,SOT1B6,,,124,Shrub Litter,Open,1,B,Grassland,6,,N,Y,Y,35,
SOT1B3,SOT1B7,,,14,Shrub Litter,Open,1,B,Grassland,7,,N,Y,Y,37,
SOT1B8,SOT1B8,,,159,Shrub Litter,Open,1,B,Grassland,8,,N,Y,Y,50,
SOT1C7,SOT1C1,,,59,Shrub Litter,Open,1,C,Shrubland,1,,N,Y,Y,53,
SOT1C2,SOT1C2,,,171,Shrub Litter,Open,1,C,Shrubland,2,,N,Y,Y,40,
SOT1C8,SOT1C3,,,209,Shrub Litter,Open,1,C,Shrubland,3,,N,Y,Y,54,
SOT1C4,SOT1C4,,,80,Shrub Litter,Open,1,C,Shrubland,4,,N,Y,Y,42,
SOT1C6,SOT1C6,,,77,Shrub Litter,Open,1,C,Grassland,6,,N,Y,Y,52,
SOT1C1,SOT1C7,,,69,Shrub Litter,Open,1,C,Grassland,7,,N,Y,Y,39,
SOT1C3,SOT1C8,,,254,Shrub Litter,Open,1,C,Grassland,8,,N,Y,Y,41,
SOT4C5,SOT4C5,,,211,Shrub Litter,Open,1,C,Grassland,5,,N,Y,Y,375,
SOT2A8,SOT2A1,,,21,Shrub Litter,Open,2,A,Shrubland,1,,N,Y,Y,184,
SOT2A2,SOT2A2,,,146,Shrub Litter,Open,2,A,Shrubland,2,,N,Y,Y,170,
SOT2A7,SOT2A3,,,272,Shrub Litter,Open,2,A,Shrubland,3,,N,Y,Y,183,
SOT2A4,SOT2A4,,,293,Shrub Litter,Open,2,A,Shrubland,4,,N,Y,Y,172,
SOT2A5,SOT2A5,,,160,Shrub Litter,Open,2,A,Grassland,5,,N,Y,Y,181,
SOT2A6,SOT2A6,,,132,Shrub Litter,Open,2,A,Grassland,6,,N,Y,Y,182,
SOT2A3,SOT2A7,,,40,Shrub Litter,Open,2,A,Grassland,7,,N,Y,Y,171,
SOT2A1,SOT2A8,,,315,Shrub Litter,Open,2,A,Grassland,8,,N,Y,Y,169,
SOT2B8,SOT2B1,,,291,Shrub Litter,Open,2,B,Shrubland,1,,N,Y,Y,188,
SOT2B7,SOT2B2,,,309,Shrub Litter,Open,2,B,Shrubland,2,,N,Y,Y,187,
SOT2B3,SOT2B3,,,15,Shrub Litter,Open,2,B,Shrubland,3,,N,Y,Y,175,
SOT2B4,SOT2B4,,,48,Shrub Litter,Open,2,B,Shrubland,4,,N,Y,Y,176,
SOT2B5,SOT2B5,,,104,Shrub Litter,Open,2,B,Grassland,5,,N,Y,Y,185,
SOT2B6,SOT2B6,,,17,Shrub Litter,Open,2,B,Grassland,6,,N,Y,Y,186,
SOT2B2,SOT2B7,,,51,Shrub Litter,Open,2,B,Grassland,7,,N,Y,Y,174,
SOT2B1,SOT2B8,,,266,Shrub Litter,Open,2,B,Grassland,8,,N,Y,Y,173,
SOT2C1,SOT2C1,,,288,Shrub Litter,Open,2,C,Shrubland,1,,N,Y,Y,177,
SOT2C7,SOT2C2,,,22,Shrub Litter,Open,2,C,Shrubland,2,,N,Y,Y,191,
SOT2C3,SOT2C3,,,37,Shrub Litter,Open,2,C,Shrubland,3,,N,Y,Y,179,
SOT2C8,SOT2C4,,,222,Shrub Litter,Open,2,C,Shrubland,4,,N,Y,Y,192,
SOT2C5,SOT2C5,,,168,Shrub Litter,Open,2,C,Grassland,5,,N,Y,Y,189,
SOT2C6,SOT2C6,,,58,Shrub Litter,Open,2,C,Grassland,6,,N,Y,Y,190,
SOT2C2,SOT2C7,,,305,Shrub Litter,Open,2,C,Grassland,7,,N,Y,Y,178,
SOT2C4,SOT2C8,,,107,Shrub Litter,Open,2,C,Grassland,8,,N,Y,Y,180,
SOT1C5,SOT1C5,,,120,Shrub Litter,Open,4,C,Grassland,5,,N,Y,Y,51,
SOT4A5,SOT4A1,,,28,Shrub Litter,Open,4,A,Shrubland,1,,N,Y,Y,367,
SOT4A2,SOT4A2,,,31,Shrub Litter,Open,4,A,Shrubland,2,,N,Y,Y,356,
SOT4A3,SOT4A3,,,19,Shrub Litter,Open,4,A,Shrubland,3,,N,Y,Y,357,
SOT4A7,SOT4A4,,,46,Shrub Litter,Open,4,A,Shrubland,4,,N,Y,Y,369,
SOT4A1,SOT4A5,,,13,Shrub Litter,Open,4,A,Grassland,5,,Y,N,Y,355,
SOT4A6,SOT4A6,,,312,Shrub Litter,Open,4,A,Grassland,6,,N,Y,Y,368,
SOT4A4,SOT4A7,,,148,Shrub Litter,Open,4,A,Grassland,7,,N,Y,Y,358,
SOT4A8,SOT4A8,,,190,Shrub Litter,Open,4,A,Grassland,8,,N,Y,Y,370,
SOT4B1,SOT4B1,,,230,Shrub Litter,Open,4,B,Shrubland,1,,N,Y,Y,359,
SOT4B5,SOT4B2,,,93,Shrub Litter,Open,4,B,Shrubland,2,,N,Y,Y,371,
SOT4B3,SOT4B3,,,256,Shrub Litter,Open,4,B,Shrubland,3,,N,Y,Y,361,
SOT4B6,SOT4B4,,,10,Shrub Litter,Open,4,B,Shrubland,4,,N,Y,Y,372,
SOT4B2,SOT4B5,,,140,Shrub Litter,Open,4,B,Grassland,5,,N,Y,Y,360,
SOT4B4,SOT4B6,,,308,Shrub Litter,Open,4,B,Grassland,6,,N,Y,Y,362,
SOT4B7,SOT4B7,,,204,Shrub Litter,Open,4,B,Grassland,7,,N,Y,Y,373,
SOT4B8,SOT4B8,,,199,Shrub Litter,Open,4,B,Grassland,8,,N,Y,Y,374,
SOT4C7,SOT4C1,,,265,Shrub Litter,Open,4,C,Shrubland,1,,N,Y,Y,377,
SOT4C2,SOT4C2,,,125,Shrub Litter,Open,4,C,Shrubland,2,,N,Y,Y,364,
SOT4C6,SOT4C3,,,275,Shrub Litter,Open,4,C,Shrubland,3,,N,Y,Y,376,
SOT4C4,SOT4C4,,,165,Shrub Litter,Open,4,C,Shrubland,4,,N,Y,Y,366,
SOT4C3,SOT4C6,,,134,Shrub Litter,Open,4,C,Grassland,6,,N,Y,Y,365,
SOT4C1,SOT4C7,,,115,Shrub Litter,Open,4,C,Grassland,7,,N,Y,Y,363,
SOT4C8,SOT4C8,,,232,Shrub Litter,Open,4,C,Grassland,8,,N,Y,Y,378,
EnvG_T2R1,EnvG_T2R1,,,149,Environmental Grass Litter,,2,A,Grassland,8,,N,N,Y,25,
EnvG_T2R2,EnvG_T2R2,,,49,Environmental Grass Litter,,2,A,Grassland,7,,N,N,Y,26,
EnvG_T2R3,EnvG_T2R3,,,216,Environmental Grass Litter,,2,B,Grassland,8,,N,N,Y,27,
EnvG_T2R4,EnvG_T2R4,,,183,Environmental Grass Litter,,2,B,Grassland,7,,N,N,Y,28,
EnvG_T2R5,EnvG_T2R5,,,243,Environmental Grass Litter,,2,C,Grassland,8,,N,N,Y,29,
EnvG_T2R6,EnvG_T2R6,,,294,Environmental Grass Litter,,2,C,Grassland,7,,N,N,Y,30,
EnvS_T2R1,EnvS_T2R1,,,158,Environmental Shrub Litter,,2,A,Shrubland,1,,N,N,Y,19,
EnvS_T2R2,EnvS_T2R2,,,97,Environmental Shrub Litter,,2,A,Shrubland,2,,N,N,Y,20,
EnvS_T2R3,EnvS_T2R3,,,174,Environmental Shrub Litter,,2,B,Shrubland,1,,N,N,Y,21,
EnvS_T2R4,EnvS_T2R4,,,135,Environmental Shrub Litter,,2,B,Shrubland,2,,N,N,Y,22,
EnvS_T2R5,EnvS_T2R5,,,90,Environmental Shrub Litter,,2,C,Shrubland,1,,N,N,Y,23,
EnvS_T2R6,EnvS_T2R6,,,147,Environmental Shrub Litter,,2,C,Shrubland,2,,N,N,Y,24,
G_T0R1,G_T0R1,,,189,Grass Litter,,0,,,,,N,N,Y,7,
G_T0R2,G_T0R2,,,112,Grass Litter,,0,,,,,N,N,Y,8,
G_T0R3,G_T0R3,,,79,Grass Litter,,0,,,,,N,N,Y,9,
G_T0R4,G_T0R4,,,94,Grass Litter,,0,,,,,N,N,Y,10,
G_T0R5,G_T0R5,,,152,Grass Litter,,0,,,,,N,N,Y,11,
G_T0R6,G_T0R6,,,66,Grass Litter,,0,,,,,N,N,Y,12,
S_T0R1,S_T0R1,,,72,Shrub Litter,,0,,,,,N,N,Y,1,
S_T0R2,S_T0R2,,,307,Shrub Litter,,0,,,,,N,N,Y,2,
S_T0R3,S_T0R3,,,3,Shrub Litter,,0,,,,,N,N,Y,3,
S_T0R4,S_T0R4,,,25,Shrub Litter,,0,,,,,N,N,Y,4,
S_T0R5,S_T0R5,,,122,Shrub Litter,,0,,,,,N,N,Y,5,
S_T0R6,S_T0R6,,,245,Shrub Litter,,0,,,,,N,N,Y,6,
Soil_T2R1,Soil_T2R1,,,47,Soil,Soil,2,A,Shrubland,1,,N,N,Y,13,
Soil_T2R10,Soil_T2R10,,,96,Soil,Soil,2,C,Shrubland,2,,N,N,Y,18.4,
Soil_T2R11,Soil_T2R11,,,75,Soil,Soil,2,C,Grassland,7,,N,N,Y,18.5,
Soil_T2R12,Soil_T2R12,,,276,Soil,Soil,2,C,Grassland,8,,N,N,Y,18.6,
Soil_T2R2,Soil_T2R2,,,303,Soil,Soil,2,A,Shrubland,2,,N,N,Y,14,
Soil_T2R3,Soil_T2R3,,,162,Soil,Soil,2,A,Grassland,7,,N,N,Y,15,
Soil_T2R4,Soil_T2R4,,,172,Soil,Soil,2,A,Grassland,8,,N,N,Y,16,
Soil_T2R5,Soil_T2R5,,,283,Soil,Soil,2,B,Shrubland,1,,N,N,Y,17,
Soil_T2R6,Soil_T2R6,,,302,Soil,Soil,2,B,Shrubland,2,,N,N,Y,18,
Soil_T2R7,Soil_T2R7,,,99,Soil,Soil,2,B,Grassland,7,,N,N,Y,18.1,
Soil_T2R8,Soil_T2R8,,,202,Soil,Soil,2,B,Grassland,8,,N,N,Y,18.2,
Soil_T2R9,Soil_T2R9,,,205,Soil,Soil,2,C,Shrubland,1,,N,N,Y,18.3,
GCT1B3,,Yes,,,,,,,,,,,,,109,
LDT1R10,,Yes,,,,,,,,,,,,,166,
LDT1R11,,Yes,,,,,,,,,,,,,167,
LDT1R12,,Yes,,,,,,,,,,,,,168,
GCT2A6,,Yes,,,,,,,,,,,,,254,
GCT4C8,,Yes,,,,,,,,,,,,,450,
LCT1R5,,Yes,,,,,,,,,,,,,155,
LCT1R6,,Yes,,,,,,,,,,,,,156,
LCT2R6,,Yes,,,,,,,,,,,,,294,
LCT3R5,,Yes,,,,,,,,,,,,,341,
LCT3R6,,Yes,,,,,,,,,,,,,342,
LCT4R6,,Yes,,,,,,,,,,,,,480,
LDT1R9,,Yes,,,,,,,,,,,,,165,
LDT2R11,,Yes,,,,,,,,,,,,,305,
LDT2R12,,Yes,,,,,,,,,,,,,306,
LDT3R10,,Yes,,,,,,,,,,,,,352,
LDT3R11,,Yes,,,,,,,,,,,,,353,
LDT3R12,,Yes,,,,,,,,,,,,,354,
LDT3R9,,Yes,,,,,,,,,,,,,351,
LDT4R10,,Yes,,,,,,,,,,,,,490,
LDT4R11,,Yes,,,,,,,,,,,,,491,
LDT4R12,,Yes,,,,,,,,,,,,,492,