SampleID	Extraction_#	Gel_Band	PCR Plate Number	Well Location	Barcode Plate Number	Barcode_Plate_Number_Only	Barcode Location_zeros	Barcode Location	Combo	BarcodeSequence	Use?	uL_Added	Notes_on_Pooling	Substrate	Treatment	Time_Point	Transect	Ecosystem	Location	Distance_to_midline
AirT2R1	149		11	F01	16S 4	4	F01	F1	4F1	GTTTGGCCACAC	Y	8	evaporated	Glass Slide	Air	2	Tower	Tower	Tower	NA
AirT2R2	117	W	3	B01	16S 1	1	B01	B1	1B1	CGTATAAATGCG	Y	5		Glass Slide	Air	2	Tower	Tower	Tower	NA
AirT2R3	153		11	B02	16S 4	4	B02	B2	4B2	ACTAAGTACCCG	Y	10		Glass Slide	Air	2	Tower	Tower	Tower	NA
AirT2R4	10	W	1	B02	16S 3	3	B03	B3	3B3	GGACAAGTGCGA	Y	5		FTA Card	Air	2	Tower	Tower	Tower	NA
AirT2R5	87		6	A10	16S 1	1	A12	A12	1A12	AATTCACCTCCT	Y	10		FTA Card	Air	2	Tower	Tower	Tower	NA
AirT2R6	72		6	E09	16S 1	1	E11	E11	1E+11	ATTACGTATCAT	Y	10		FTA Card	Air	2	Tower	Tower	Tower	NA
AirT4R1	2	W	1	B01	16S 3	3	B01	B1	3B1	CGCGCAAGTATT	Y	5		Glass Slide	Air	4	Tower	Tower	Tower	NA
AirT4R12	110	W	2	B12	16S 2	2	B12	B12	2B12	CCTCCGTCATGG	Y	5		Glass Slide	Air	4	Tower	Tower	Tower	NA
AirT4R2	59	W	2	E05	16S 2	2	E05	E5	2E+05	GTCACTCCGAAC	Y	5		Glass Slide	Air	4	Tower	Tower	Tower	NA
AirT4R4	88	H	2	C09	16S 2	2	C09	C9	2C9	CATTTCGCACTT	Y	1		FTA Card	Air	4	Tower	Tower	Tower	NA
AirT4R5	82	M	2	E08	16S 2	2	E08	E8	2E+08	TTAATGGATCGG	Y	3		FTA Card	Air	4	Tower	Tower	Tower	NA
AirT4R6	57	W	2	C05	16S 2	2	C05	C5	2C5	GCTGCCCACCTA	Y	5		FTA Card	Air	4	Tower	Tower	Tower	NA
AirT4R7	123	W	3	H01	16S 1	1	H01	H1	1H1	CTATGTATTAGT	Y	5		FTA Card	Air	4	Tower	Tower	Tower	NA
AirT4R8	96	W	4	B04	16S 1	1	B09	B9	1B9	GCCTATGAGATC	Y	5		FTA Card	Air	4	Tower	Tower	Tower	NA
AirT4R9	156		11	E02	16S 4	4	E02	E2	4E+02	AAGTCTTATCTC	Y	10		FTA Card	Air	4	Tower	Tower	Tower	NA
EnvG_T2R1	149p	H	11	C05	16S 4	4	C05	C5	4C5	CCGGCCGCGTGC	Y	1		Environmental Grass Litter		2	A	Grassland	8	15
EnvG_T2R2	49p	H	11	C04	16S 4	4	C04	C4	4C4	TTAGTTTGTCAC	Y	1		Environmental Grass Litter		2	A	Grassland	7	7
EnvG_T2R3	216p	H	11	H03	16S 4	4	H03	H3	4H3	ACAGTTGTACGC	Y	1		Environmental Grass Litter		2	B	Grassland	8	15
EnvG_T2R4	183p	H	11	H05	16S 4	4	H05	H5	4H5	CTCATCATGTTC	Y	1		Environmental Grass Litter		2	B	Grassland	7	7
EnvG_T2R5	243p	H	11	A04	16S 4	4	A04	A4	4A4	AGTTGTAGTCCG	Y	1		Environmental Grass Litter		2	C	Grassland	8	15
EnvG_T2R6	294p	H	11	C03	16S 4	4	C03	C3	4C3	ATGCCTCGTAAG	Y	1		Environmental Grass Litter		2	C	Grassland	7	7
EnvS_T2R1	158p	W	11	D05	16S 4	4	D05	D5	4D5	GCCGCCAGGGTC	Y	5		Environmental Shrub Litter		2	A	Shrubland	1	15
EnvS_T2R2	97p	H	11	G04	16S 4	4	G04	G4	4G4	GAATATACCTGG	Y	1		Environmental Shrub Litter		2	A	Shrubland	2	7
EnvS_T2R3	174p	H	11	G05	16S 4	4	G05	G5	4G5	GAATCTGACAAC	Y	1		Environmental Shrub Litter		2	B	Shrubland	1	15
EnvS_T2R4	135p	H	11	A05	16S 4	4	A05	A5	4A5	AGGGACTTCAAT	Y	1		Environmental Shrub Litter		2	B	Shrubland	2	7
EnvS_T2R5	90p	H	11	E04	16S 4	4	E04	E4	4E+04	CTCCGAACAACA	Y	1		Environmental Shrub Litter		2	C	Shrubland	1	15
EnvS_T2R6	147p	W	11	B05	16S 4	4	B05	B5	4B5	GTACGTCACTGA	Y	5		Environmental Shrub Litter		2	C	Shrubland	2	7
LDT0R1G	89	M/H	2	D09	16S 2	2	D09	D9	2D9	CTACTCCACGAG	Y	2		Glass Slide	Death	0		Grassland		NA
LDT0R1S	127		3	D02	16S 1	1	D02	D2	1D2	ACCTTACACCTT	Y	10		Glass Slide	Death	0		Shrubland		NA
LDT0R2G	151		11	H01	16S 4	4	H01	H1	4H1	CATAAGGGAGGC	Y	8	evaporated	Glass Slide	Death	0		Grassland		NA
LDT0R2S	138	W/M	3	G03	16S 1	1	G03	G3	1G3	TTGCGGACCCTA	Y	4		Glass Slide	Death	0		Shrubland		NA
LDT0R3G	44	M	2	E03	16S 2	2	E03	E3	2E+03	CAATCATAGGTG	Y	3		Glass Slide	Death	0		Grassland		NA
LDT0R3S	68	M	2	F06	16S 2	2	F06	F6	2F6	ATCGTAGTGGTC	Y	3		Glass Slide	Death	0		Shrubland		NA
LDT0R4G	121	H	3	F01	16S 1	1	F01	F1	1F1	TGTGCACGCCAT	Y	2	pipette set incorrectly	Glass Slide	Death	0		Grassland		NA
LDT0R4S	111	W	2	C12	16S 2	2	C12	C12	2C12	AGATGTCCGTCA	Y	5		Glass Slide	Death	0		Shrubland		NA
LDT0R5G_oops	78		2	A08	16S 2	2	A08	A8	2A8	ACCTACTTGTCT	N	10	likely added 10uL on accident	Glass Slide	Death	0		Grassland		NA
LDT0R5G	78	M/H	4	F03	16S 1	1	F08	F8	1F8	TGAGTGGTCTGT	Y	2		Glass Slide	Death	0		Grassland		NA
LDT0R5S	6		1	F01	16S 3	3	B02	B2	3B2	AATACAGACCTG	Y	10		Glass Slide	Death	0		Shrubland		NA
LDT0R6G	107	W	2	G11	16S 2	2	G11	G11	2G11	GTTTGAAACACG	Y	3	evaporated	Glass Slide	Death	0		Grassland		NA
LDT0R6S	128	W/M	3	E02	16S 1	1	E02	E2	1E+02	GTAGTAGACCAT	Y	4		Glass Slide	Death	0		Shrubland		NA
LDT1R1AS	9		1	A02	16S 3	3	A03	A3	3A3	GCGAGGAAGTCC	Y	10		Glass Slide	Death	1	A	Shrubland	2	7
LDT1R2BS	106	W	4	D04	16S 1	1	D09	D9	1D9	AATCTTGCGCCG	Y	5		Glass Slide	Death	1	B	Shrubland	2	7
LDT1R3CS	71		6	D09	16S 1	1	D11	D11	1D11	AATAACTAGGGT	Y	10		Glass Slide	Death	1	C	Shrubland	2	7
LDT1R4AG	66	W	2	D06	16S 2	2	D06	D6	2D6	CCGGCGACAGAA	Y	5		Glass Slide	Death	1	A	Grassland	7	7
LDT1R5BG_dup_new_protocol	91	W	4	B01	16S 1	1	B06	B6	1B6	ACGTGAGGAACG	Y	5		Glass Slide	Death	1	B	Grassland	7	7
LDT1R5BG	91	W	2	F09	16S 2	2	F09	F9	2F9	GTCCGTCCTGGT	Y	5		Glass Slide	Death	1	B	Grassland	7	7
LDT1R6CG	53	W	2	G04	16S 2	2	G04	G4	2G4	CAAAGGAGCCCG	Y	5		Glass Slide	Death	1	C	Grassland	7	7
LDT1R7AS_dup_new_protocol	130	W/M	4	D01	16S 1	1	D06	D6	1D6	TACGGATTATGG	Y	4		Glass Slide	Death	1	A	Shrubland	2	7
LDT1R7AS	130	W	3	G02	16S 1	1	G02	G2	1G2	TAAATATACCCT	Y	5		Glass Slide	Death	1	A	Shrubland	2	7
LDT1R8BG	67	W	2	E06	16S 2	2	E06	E6	2E+06	CGTTCTGGTGGT	Y	5		Glass Slide	Death	1	B	Grassland	7	7
LDT2R10CG	21	W	3	G05	16S 1	1	G05	G5	1G5	TGCACAGTCGCT	Y	5		Glass Slide	Death	2	C	Grassland	7	7
LDT2R1AS	62	W	2	H05	16S 2	2	H05	H5	2H5	TTAAGTTAAGTT	Y	5		Glass Slide	Death	2	A	Shrubland	2	7
LDT2R2BS	150		11	G01	16S 4	4	G01	G1	4G1	TATATAGTATCC	Y	8	evaporated	Glass Slide	Death	2	B	Shrubland	2	7
LDT2R3CS	118	W	4	H04	16S 1	1	H09	H9	1H9	GAACCAGTACTC	Y	5		Glass Slide	Death	2	C	Shrubland	2	7
LDT2R4AG	92	W	4	G03	16S 1	1	G08	G8	1G8	TAACAATAATTC	Y	5		Glass Slide	Death	2	A	Grassland	7	7
LDT2R5BG	60	M	2	F05	16S 2	2	F05	F5	2F5	GCATAAACGACT	Y	3		Glass Slide	Death	2	B	Grassland	7	7
LDT2R6CG	56	W	2	B05	16S 2	2	B05	B5	2B5	TCGAGAGTTTGC	Y	5		Glass Slide	Death	2	C	Grassland	7	7
LDT2R7CS	1		1	A01	16S 3	3	A01	A1	3A1	CCTCGCATGACC	Y	10		Glass Slide	Death	2	C	Shrubland	2	7
LDT2R8AS	22		1	F03	16S 3	3	B06	B6	3B6	CCGCGTCTCAAC	Y	10		Glass Slide	Death	2	A	Shrubland	2	7
LDT2R9BG	157		11	F02	16S 4	4	F02	F2	4F2	GTCCTACACAGC	Y	10		Glass Slide	Death	2	B	Grassland	7	7
LDT3R1AS	73		6	F09	16S 1	1	F11	F11	1F11	TATCCAAGCGCA	Y	10		Glass Slide	Death	3	A	Shrubland	2	7
LDT3R2BS	75	M	6	G09	16S 1	1	G11	G11	1G11	TATTTGATTGGT	Y	3		Glass Slide	Death	3	B	Shrubland	2	7
LDT3R3CS	69	W	2	G06	16S 2	2	G06	G6	2G6	CGCTGTGGATTA	Y	5		Glass Slide	Death	3	C	Shrubland	2	7
LDT3R4AG	42	W	4	B03	16S 1	1	B08	B8	1B8	CATATAGCCCGA	Y	5		Glass Slide	Death	3	A	Grassland	7	7
LDT3R5BG	63	W/M	4	E03	16S 1	1	E08	E8	1E+08	GTCAACGCTGTC	Y	4		Glass Slide	Death	3	B	Grassland	7	7
LDT3R6CG	112	W	2	D12	16S 2	2	D12	D12	2D12	TAGCAGTTGCGT	Y	5		Glass Slide	Death	3	C	Grassland	7	7
LDT3R7AS	144		11	B01	16S 4	4	B01	B1	4B1	CATTTGACGACG	Y	9	evaporated	Glass Slide	Death	3	A	Shrubland	2	7
LDT3R8BG	140		11	A01	16S 4	4	A01	A1	4A1	ACGGCGTTATGT	Y	9	evaporated	Glass Slide	Death	3	B	Grassland	7	7
LDT4R1AS	32	W/M	4	F02	16S 1	1	F07	F7	1F7	GAAGAGGGTTGA	Y	4		Glass Slide	Death	4	A	Shrubland	2	7
LDT4R2BS	33	W	4	G02	16S 1	1	G07	G7	1G7	GGTTCATGAACA	Y	5		Glass Slide	Death	4	B	Shrubland	2	7
LDT4R3CS	94	W	4	A04	16S 1	1	A09	A9	1A9	GACTCAACCAGT	Y	5		Glass Slide	Death	4	C	Shrubland	2	7
LDT4R4AG	34	W	2	C02	16S 2	2	C02	C2	2C2	AGAGGGTGATCG	Y	5		Glass Slide	Death	4	A	Grassland	7	7
LDT4R5BG	100		6	C10	16S 1	1	C12	C12	1C12	GAGATACAGTTC	Y	10		Glass Slide	Death	4	B	Grassland	7	7
LDT4R6CG	114	W	4	F04	16S 1	1	F09	F9	1F9	TTACACAAAGGC	Y	5		Glass Slide	Death	4	C	Grassland	7	7
LDT4R7CS	14		1	F02	16S 3	3	B04	B4	3B4	TACGGTCTGGAT	Y	10		Glass Slide	Death	4	C	Shrubland	2	7
LDT4R8AS	25	W	4	B02	16S 1	1	B07	B7	1B7	GGTTGCCCTGTA	Y	5		Glass Slide	Death	4	A	Shrubland	2	7
LDT4R9BG	109		6	E10	16S 1	1	E12	E12	1E+12	CACGCAGTCTAC	Y	10		Glass Slide	Death	4	B	Grassland	7	7
LOT1A1	141	W	4	C05	16S 1	1	C10	C10	1C10	CTTGATTCTTGA	Y	5		Glass Slide	Open	1	A	Shrubland	1	15
LOT1A2	37	W	4	H02	16S 1	1	H07	H7	1H7	TGAGTATGAGTA	Y	5		Glass Slide	Open	1	A	Shrubland	2	7
LOT1A3	122	W	3	G01	16S 1	1	G01	G1	1G1	GGTGAGCAAGCA	Y	5		Glass Slide	Open	1	A	Shrubland	3	3
LOT1A3_dup_new_protocol	122	W	4	C01	16S 1	1	C06	C6	1C6	AAGAACTCATGA	Y	5		Glass Slide	Open	1	A	Shrubland	3	3
LOT1A4	29	W	2	F01	16S 2	2	F01	F1	2F1	ATATGTTCTCAA	Y	5		Glass Slide	Open	1	A	Shrubland	4	1
LOT1A5	86	W	2	A09	16S 2	2	A09	A9	2A9	ACTGTGACGTCC	Y	5		Glass Slide	Open	1	A	Grassland	5	1
LOT1A6	20	W/M	1	D03	16S 3	3	D05	D5	3D5	ATGGGACCTTCA	Y	4		Glass Slide	Open	1	A	Grassland	6	3
LOT1A7	45	H	2	F03	16S 2	2	F03	F3	2F3	CCGATAAAGGTT	Y	1		Glass Slide	Open	1	A	Grassland	7	7
LOT1A8	90	M	2	E09	16S 2	2	E09	E9	2E+09	TCAAGTCCGCAC	Y	3		Glass Slide	Open	1	A	Grassland	8	15
LOT1B1	119	W/M	3	D01	16S 1	1	D01	D1	1D1	GTGGAGTCTCAT	Y	4		Glass Slide	Open	1	B	Shrubland	1	15
LOT1B2	129	H	3	F02	16S 1	1	F02	F2	1F2	CCGGACAAGAAG	Y	1		Glass Slide	Open	1	B	Shrubland	2	7
LOT1B3	147	W	11	D01	16S 4	4	D01	D1	4D1	GAGAAGCTTATA	Y	5		Glass Slide	Open	1	B	Shrubland	3	3
LOT1B4	142	W	4	D05	16S 1	1	D10	D10	1D10	AGGATCAGGGAA	Y	5		Glass Slide	Open	1	B	Shrubland	4	1
LOT1B5	52	M	2	F04	16S 2	2	F04	F4	2F4	CAGGAACCAGGA	Y	3		Glass Slide	Open	1	B	Grassland	5	1
LOT1B6	132	M/H	3	A03	16S 1	1	A03	A3	1A3	AGCCCTGCTACA	Y	2		Glass Slide	Open	1	B	Grassland	6	3
LOT1B7	154	W	11	C02	16S 4	4	C02	C2	4C2	CTCAGCGGGACG	Y	5		Glass Slide	Open	1	B	Grassland	7	7
LOT1B8	145	W	4	F05	16S 1	1	F10	F10	1F10	ACGACGCATTTG	Y	5		Glass Slide	Open	1	B	Grassland	8	15
LOT1C1	3	W	1	C01	16S 3	3	C01	C1	3C1	AAGGCGCTCCTT	Y	5		Glass Slide	Open	1	C	Shrubland	1	15
LOT1C2	98	M/H	2	F10	16S 2	2	F10	F10	2F10	CGAGGCGAGTCA	Y	2		Glass Slide	Open	1	C	Shrubland	2	7
LOT1C3	103		6	D10	16S 1	1	D12	D12	1D12	TATTGCAGCAGC	Y	10		Glass Slide	Open	1	C	Shrubland	3	3
LOT1C4	79	W	2	B08	16S 2	2	B08	B8	2B8	GGAGAACGACAC	Y	5		Glass Slide	Open	1	C	Shrubland	4	1
LOT1C5	8	W	1	H01	16S 3	3	D02	D2	3D2	CCGCAGCCGCAG	Y	5		Glass Slide	Open	1	C	Grassland	5	1
LOT1C6	80	W	2	C08	16S 2	2	C08	C8	2C8	AATTAATATGTA	Y	5		Glass Slide	Open	1	C	Grassland	6	3
LOT1C7	12		1	D02	16S 3	3	D03	D3	3D3	TGGAGCCTTGTC	Y	10		Glass Slide	Open	1	C	Grassland	7	7
LOT1C8	50	M	2	D04	16S 2	2	D04	D4	2D4	AGCAGTGCGGTG	Y	3		Glass Slide	Open	1	C	Grassland	8	15
LOT2A1	41	M/H	2	B03	16S 2	2	B03	B3	2B3	CCTTGACCGATG	Y	2		Glass Slide	Open	2	A	Shrubland	1	15
LOT2A2	39	H	4	A03	16S 1	1	A08	A8	1A8	AATTTAGGTAGG	Y	1		Glass Slide	Open	2	A	Shrubland	2	7
LOT2A3	36	H	2	E02	16S 2	2	E02	E2	2E+02	TCATGGCCTCCG	Y	1		Glass Slide	Open	2	A	Shrubland	3	3
LOT2A4	31	M/H	4	E02	16S 1	1	E07	E7	1E+07	GTTGATACGATG	Y	2		Glass Slide	Open	2	A	Shrubland	4	1
LOT2A5	64	W/M	2	B06	16S 2	2	B06	B6	2B6	CGACACGGAGAA	Y	4		Glass Slide	Open	2	A	Grassland	5	1
LOT2A6	13	M	1	E02	16S 3	3	A04	A4	3A4	CAAATTCGGGAT	Y	3		Glass Slide	Open	2	A	Grassland	6	3
LOT2A7	83	W	2	F08	16S 2	2	F08	F8	2F8	TAGGAACTCACC	Y	5		Glass Slide	Open	2	A	Grassland	7	7
LOT2A8	23	M	3	A06	16S 1	1	A06	A6	1A6	TATGGTACCCAG	Y	3		Glass Slide	Open	2	A	Grassland	8	15
LOT2B1	139	W	4	B05	16S 1	1	B10	B10	1B10	CAAGTGAAGGGA	Y	5		Glass Slide	Open	2	B	Shrubland	1	15
LOT2B2	133	W/M	3	B03	16S 1	1	B03	B3	1B3	ACTCGCTCGCTG	Y	4		Glass Slide	Open	2	B	Shrubland	2	7
LOT2B3	43	M/H	2	D03	16S 2	2	D03	D3	2D3	AATGTTCAACTT	Y	2		Glass Slide	Open	2	B	Shrubland	3	3
LOT2B4	93	W	4	H03	16S 1	1	H08	H8	1H8	AATGGTTCAGCA	Y	5		Glass Slide	Open	2	B	Shrubland	4	1
LOT2B5	18	W	1	B03	16S 3	3	B05	B5	3B5	TTCAGTTCGTTA	Y	5		Glass Slide	Open	2	B	Grassland	5	1
LOT2B6	148	M	11	E01	16S 4	4	E01	E1	4E+01	TAGGACGGGAGT	Y	3		Glass Slide	Open	2	B	Grassland	6	3
LOT2B7	28	W	4	D02	16S 1	1	D07	D7	1D7	ATACATGCAAGA	Y	5		Glass Slide	Open	2	B	Grassland	7	7
LOT2B8	104	M/H	2	D11	16S 2	2	D11	D11	2D11	AGCGCGGCGAAT	Y	2		Glass Slide	Open	2	B	Grassland	8	15
LOT2C1	124	M	3	A02	16S 1	1	A02	A2	1A2	TCCATACCGGAA	Y	3		Glass Slide	Open	2	C	Shrubland	1	15
LOT2C2	24	W/M	4	A02	16S 1	1	A07	A7	1A7	TACAATATCTGT	Y	4		Glass Slide	Open	2	C	Shrubland	2	7
LOT2C3	48	M/H	2	B04	16S 2	2	B04	B4	2B4	CAAACTGCGTTG	Y	2		Glass Slide	Open	2	C	Shrubland	3	3
LOT2C4	85	W	2	H08	16S 2	2	H08	H8	2H8	CGATGAATATCG	Y	1	evaporated	Glass Slide	Open	2	C	Shrubland	4	1
LOT2C5	19	W	1	C03	16S 3	3	C05	C5	3C5	GACGTTAAGAAT	Y	5		Glass Slide	Open	2	C	Grassland	5	1
LOT2C6	134	M	3	C03	16S 1	1	C03	C3	1C3	CTGTCTATACTA	Y	3		Glass Slide	Open	2	C	Grassland	6	3
LOT2C7	49	H	2	C04	16S 2	2	C04	C4	2C4	CTGACACGAATA	Y	1		Glass Slide	Open	2	C	Grassland	7	7
LOT2C8	126	H	3	C02	16S 1	1	C02	C2	1C2	CGGGACACCCGA	Y	2	pipette set incorrectly	Glass Slide	Open	2	C	Grassland	8	15
LOT3A1	7	M/H	1	G01	16S 3	3	C02	C2	3C2	GATCTAATCGAG	Y	2		Glass Slide	Open	3	A	Shrubland	1	15
LOT3A2	65	H	2	C06	16S 2	2	C06	C6	2C6	GCGTTTGCTAGC	Y	1		Glass Slide	Open	3	A	Shrubland	2	7
LOT3A3	136	W	3	E03	16S 1	1	E03	E3	1E+03	AGTAAAGATCGT	Y	5		Glass Slide	Open	3	A	Shrubland	3	3
LOT3A4	95	M/H	2	C10	16S 2	2	C10	C10	2C10	ACATGATATTCT	Y	2		Glass Slide	Open	4	A	Shrubland	4	1
LOT3A5	77		6	H09	16S 1	1	H11	H11	1H11	GTGCCATAATCG	Y	10		Glass Slide	Open	3	A	Grassland	5	1
LOT3A6	30	W	2	G01	16S 2	2	G01	G1	2G1	TCAGACCAACTG	Y	2	Evaporated	Glass Slide	Open	3	A	Grassland	6	3
LOT3A7	146	W/M	11	C01	16S 4	4	C01	C1	4C1	GCTGCGTATACC	Y	4		Glass Slide	Open	3	A	Grassland	7	7
LOT3A8	113	W	2	E12	16S 2	2	E12	E12	2E+12	TTGAACAAGCCA	Y	5		Glass Slide	Open	3	A	Grassland	8	15
LOT3B1	137	H	3	F03	16S 1	1	F03	F3	1F3	TTGCTGGACGCT	Y	1		Glass Slide	Open	3	B	Shrubland	1	15
LOT3B2	26	H	6	A09	16S 1	1	A11	A11	1A11	ACTACTGAGGAT	Y	1		Glass Slide	Open	3	B	Shrubland	2	7
LOT3B3	101	M/H	4	C04	16S 1	1	C09	C9	1C9	AATGCGCGTATA	Y	2		Glass Slide	Open	3	B	Shrubland	3	3
LOT3B4	84	M	2	G08	16S 2	2	G08	G8	2G8	ACGACAACGGGC	Y	3		Glass Slide	Open	3	B	Shrubland	4	1
LOT3B5	125	H	3	B02	16S 1	1	B02	B2	1B2	ATGCTGCAACAC	Y	2	pipette set incorrectly	Glass Slide	Open	3	B	Grassland	5	1
LOT3B6	5	H	1	E01	16S 3	3	A02	A2	3A2	GGCGTAACGGCA	Y	1		Glass Slide	Open	3	B	Grassland	6	3
LOT3B7	46	M	2	G03	16S 2	2	G03	G3	2G3	GCGTGCCCGGCC	Y	2		Glass Slide	Open	3	B	Grassland	7	7
LOT3B8	51	H	2	E04	16S 2	2	E04	E4	2E+04	GTTGGACGAAGG	Y	1		Glass Slide	Open	3	B	Grassland	8	15
LOT3C1	97	H	2	E10	16S 2	2	E10	E10	2E+10	CACACAAAGTCA	Y	1		Glass Slide	Open	3	C	Shrubland	1	15
LOT3C2	61	M/H	2	G05	16S 2	2	G05	G5	2G5	TGCGGCGTCAGG	Y	2		Glass Slide	Open	3	C	Shrubland	2	7
LOT3C3	54	H	4	C03	16S 1	1	C08	C8	1C8	CGGTGACCTACT	Y	1		Glass Slide	Open	3	C	Shrubland	3	3
LOT3C4	158	W	11	G02	16S 4	4	G02	G2	4G2	ACTGTTTACTGT	Y	5		Glass Slide	Open	3	C	Shrubland	4	1
LOT3C5	55	H	4	D03	16S 1	1	D08	D8	1D8	CTTAGTGCAGAA	Y	1		Glass Slide	Open	3	C	Grassland	5	1
LOT3C6	15	M/H	1	G02	16S 3	3	C04	C4	3C4	ACGTATTCGAAG	Y	2		Glass Slide	Open	3	C	Grassland	6	3
LOT3C7	108	W	4	E04	16S 1	1	E09	E9	1E+09	TGAGACCCTACA	Y	5		Glass Slide	Open	3	C	Grassland	7	7
LOT3C8	102	M	2	B11	16S 2	2	B11	B11	2B11	TAATCCATAATC	Y	3		Glass Slide	Open	3	C	Grassland	8	15
LOT4A1	135	M/H	3	D03	16S 1	1	D03	D3	1D3	TAATCTCGCCGG	Y	2		Glass Slide	Open	4	A	Shrubland	1	15
LOT4A2	99	W	2	G10	16S 2	2	G10	G10	2G10	TAGTCTAAGGGT	Y	2	evaporated	Glass Slide	Open	4	A	Shrubland	2	7
LOT4A3	17	H	1	A03	16S 3	3	A05	A5	3A5	TTGTGTCTCCCT	Y	1		Glass Slide	Open	4	A	Shrubland	3	3
LOT4A4	155	W	11	D02	16S 4	4	D02	D2	4D2	GTTAACTTACTA	Y	5		Glass Slide	Open	4	A	Shrubland	4	1
LOT4A5	105	M	2	E11	16S 2	2	E11	E11	2E+11	GTCAGGTGCGGC	Y	3		Glass Slide	Open	4	A	Grassland	5	1
LOT4A6	11		1	C02	16S 3	3	C03	C3	3C3	CTGATGTACACG	Y	10		Glass Slide	Open	4	A	Grassland	6	3
LOT4A7	16	W	1	H02	16S 3	3	D04	D4	3D4	TTACTTATCCGA	Y	5		Glass Slide	Open	4	A	Grassland	7	7
LOT4A8	40	W	6	B09	16S 1	1	B11	B11	1B11	CACGTTTATTCC	Y	5		Glass Slide	Open	4	A	Grassland	8	15
LOT4B1	38	H	2	G02	16S 2	2	G02	G2	2G2	CCACGAGCAGGC	Y	1		Glass Slide	Open	4	B	Shrubland	1	15
LOT4B2	143		4	E05	16S 1	1	E10	E10	1E+10	ACTTGGTGTAAG	Y	10		Glass Slide	Open	4	B	Shrubland	2	7
LOT4B3	27	M/H	4	C02	16S 1	1	C07	C7	1C7	TGATATCGTCTT	Y	2		Glass Slide	Open	4	B	Shrubland	3	3
LOT4B4	120	M/H	3	E01	16S 1	1	E01	E1	1E+01	TGATGTGCTAAG	Y	2		Glass Slide	Open	4	B	Shrubland	4	1
LOT4B5	76	M	2	G07	16S 2	2	G07	G7	2G7	CTTGCTCATAAT	Y	3		Glass Slide	Open	4	B	Grassland	5	1
LOT4B6	131	M	3	H02	16S 1	1	H02	H2	1H2	ACTCCCGTGTGA	Y	3		Glass Slide	Open	4	B	Grassland	6	3
LOT4B7	116	H	3	A01	16S 1	1	A01	A1	1A1	AGCCTTCGTCGC	Y	2	pipette set incorrectly	Glass Slide	Open	4	B	Grassland	7	7
LOT4B8	70		2	A07	16S 2	2	A07	A7	2A7	TGAGTCATTGAG	Y	0	evaporated	Glass Slide	Open	4	B	Grassland	8	15
LOT4C1	74	M	2	E07	16S 2	2	E07	E7	2E+07	TAGTTCGGTGAC	Y	3		Glass Slide	Open	4	C	Shrubland	1	15
LOT4C2	58	M	2	D05	16S 2	2	D05	D5	2D5	GCATATGCACTG	Y	3		Glass Slide	Open	4	C	Shrubland	2	7
LOT4C3	4	W/M	1	D01	16S 3	3	D01	D1	3D1	CGCAATGAGGGA	Y	4		Glass Slide	Open	4	C	Shrubland	3	3
LOT4C4	115	H	4	G04	16S 1	1	G09	G9	1G9	CTTATTAAACGT	Y	1		Glass Slide	Open	4	C	Shrubland	4	1
LOT4C5	35	M/H	2	D02	16S 2	2	D02	D2	2D2	GGATACTCGCAT	Y	2		Glass Slide	Open	4	C	Grassland	5	1
LOT4C6	152		11	A02	16S 4	4	A02	A2	4A2	GAACCGTGCAGG	Y	10		Glass Slide	Open	4	C	Grassland	6	3
LOT4C7	47	M	2	A04	16S 2	2	A04	A4	2A4	CTATATTATCCG	Y	3		Glass Slide	Open	4	C	Grassland	7	7
LOT4C8	81	W	2	D08	16S 2	2	D08	D8	2D8	CTAATCAGAGTG	Y	5		Glass Slide	Open	4	C	Grassland	8	15
Neg1	N1		1	H03	16S 3	3	D06	D6	3D6	TCCGATAATCGG	Y	10		Extraction Negative	NA	NA	NA	NA	NA	NA
Neg2	N2		2	H03	16S 2	2	H03	H3	2H3	TAAACCTGGACA	Y	10		Extraction Negative	NA	NA	NA	NA	NA	NA
Neg3	N3	W	2	H06	16S 2	2	H06	H6	2H6	AGCCGCGGGTCC	Y	5		Extraction Negative	NA	NA	NA	NA	NA	NA
Neg3_redo_previous_was_positive	N3		6	C09	16S 1	1	C11	C11	1C11	GAAATCTTGAAG	Y	10		Extraction Negative	NA	NA	NA	NA	NA	NA
Neg4	N4	W	2	H09	16S 2	2	H09	H9	2H9	GTTCTAAGGTGA	Y	5		Extraction Negative	NA	NA	NA	NA	NA	NA
Neg4_redo_previous_was_positive	N4		6	B10	16S 1	1	B12	B12	1B12	TAATCGGTGCCA	Y	10		Extraction Negative	NA	NA	NA	NA	NA	NA
Neg5	N5		2	H12	16S 2	2	H12	H12	2H12	TGACAGAATCCA	Y	0	evaporated	Extraction Negative	NA	NA	NA	NA	NA	NA
Neg6	N6		3	H03	16S 1	1	H03	H3	1H3	CGGTATAGCAAT	Y	10		Extraction Negative	NA	NA	NA	NA	NA	NA
Neg7	N7		3	F04	16S 1	1	F04	F4	1F4	TACTAACGCGGT	Y	10		Extraction Negative	NA	NA	NA	NA	NA	NA
Neg8	N8		11	H02	16S 4	4	H02	H2	4H2	CAGGCCACTCTC	Y	10		Extraction Negative	NA	NA	NA	NA	NA	NA
PCR-_10_6_20	PCR-_10_6_20		11	B06	16S 4	4	B06	B6	4B6	TCGCTACAGATG	Y	10		PCR -	NA	NA	NA	NA	NA	NA
PCR-_8_24_20	PCR-_8_24_20		1	B04	16S 3	3	B07	B7	3B7	CCGAGGTATAAT	Y	10		PCR -	NA	NA	NA	NA	NA	NA
PCR-_9_16_20	PCR-_9_16_20		3	H04	16S 1	1	H04	H4	1H4	GACTCTGCTCAG	Y	10		PCR -	NA	NA	NA	NA	NA	NA
PCR-_9_24_20	PCR-_9_24_20	W	4	H05	16S 1	1	H10	H10	1H10	CGCACCCATACA	Y	5		PCR -	NA	NA	NA	NA	NA	NA
PCR-_9_29_20	PCR-_9_29_20		6	G10	16S 1	1	G12	G12	1G12	TGTCAAAGTGAC	Y	10		PCR -	NA	NA	NA	NA	NA	NA
PCR+_10_6_20	PCR+_10_6_20	H	11	A06	16S 4	4	A06	A6	4A6	CGGCCAGAAGCA	Y	1		PCR +	NA	NA	NA	NA	NA	NA
PCR+_8_24_20	PCR+_8_24_20	H	1	A04	16S 3	3	A07	A7	3A7	AACCACTAACCG	Y	1		PCR +	NA	NA	NA	NA	NA	NA
PCR+_9_16_2	PCR+_9_16_2	H	3	G04	16S 1	1	G04	G4	1G4	GTCGTCCAAATG	Y	1		PCR +	NA	NA	NA	NA	NA	NA
PCR+_9_29_20	PCR+_9_29_20	M	6	F10	16S 1	1	F12	F12	1F12	AGAGCCAAGAGC	Y	3		PCR +	NA	NA	NA	NA	NA	NA
Soil_T2R1	47p	H	11	B04	16S 4	4	B04	B4	4B4	GATGCCTAATGA	Y	1		Soil		2	A	Shrubland	1	15
Soil_T2R10	96p	H	11	F04	16S 4	4	F04	F4	4F4	CCACTGCCCACC	Y	1		Soil		2	C	Shrubland	2	7
Soil_T2R11	75p	H	11	D04	16S 4	4	D04	D4	4D4	AGGGTGACTTTA	Y	1		Soil		2	C	Grassland	7	7
Soil_T2R12	276p	H	11	A03	16S 4	4	A03	A3	4A3	ACGTGCCTTAGA	Y	1		Soil		2	C	Grassland	8	15
Soil_T2R2	303p	H	11	E03	16S 4	4	E03	E3	4E+03	TTGCACCGTCGA	Y	1		Soil		2	A	Shrubland	2	7
Soil_T2R3	162p	H	11	E05	16S 4	4	E05	E5	4E+05	TCTGGCTACGAC	Y	1		Soil		2	A	Grassland	7	7
Soil_T2R4	172p	H	11	F05	16S 4	4	F05	F5	4F5	ATAGTTAGGGCT	Y	1		Soil		2	A	Grassland	8	15
Soil_T2R5	283p	H	11	B03	16S 4	4	B03	B3	4B3	CACCCTTGCGAC	Y	1		Soil		2	B	Shrubland	1	15
Soil_T2R6	302p	H	11	D03	16S 4	4	D03	D3	4D3	GTTGTTCTGGGA	Y	1		Soil		2	B	Shrubland	2	7
Soil_T2R7	99p	H	11	H04	16S 4	4	H04	H4	4H4	ACCAGAAATGTC	Y	1		Soil		2	B	Grassland	7	7
Soil_T2R8	202p	H	11	F03	16S 4	4	F03	F3	4F3	ATTTACAATTGA	Y	1		Soil		2	B	Grassland	8	15
Soil_T2R9	205p	H	11	G03	16S 4	4	G03	G3	4G3	GTCACGGACATT	Y	1		Soil		2	C	Shrubland	1	15