#SampleID	Extraction_#	Gel_Intensity	PCR_Plate_Number	Well_Location	Barcode_Plate_Number	Barcode_Location	Barcode_Paste	BarcodeSequence	uL_Added	Notes	New_Sample_ID	Random_#_Extractions_Plates	Substrate	Treatment	Time_Point	Transect	Ecosystem	Location	Distance_to_midline
LDT2R7CS	1	W	8	A01	ITS 2	A01	2A01	GGAGACAAGGGA	1	evaporated	LDT2R7CS	NA	Glass Slide	Death	2	C	Shrubland	2	7
AirT2R4	10	H	8	B02	ITS 2	B02	2B02	GACTTGGTATTC	1		AirT2R4	NA	FTA Card	Air	2	Tower	Tower	Tower	NA
LDT4R5BG	100		7	H10	ITS 1	H10	1H10	GAAGTCTCGCAT	1		LDT4R5BG	NA	Glass Slide	Death	4	B	Grassland	7	7
LOT3B3	101	H	7	A11	ITS 1	A11	1A11	GCACGTTCTAAG	1		LOT3B3	NA	Glass Slide	Open	3	B	Shrubland	3	3
LOT3C8	102	H	7	B11	ITS 1	B11	1B11	CAGTGATCCTAG	1		LOT3C8	NA	Glass Slide	Open	3	C	Grassland	8	15
LOT1C3	103	W/M	7	C11	ITS 1	C11	1C11	TAGAGCCGTTAC	4		LOT1C3	NA	Glass Slide	Open	1	C	Shrubland	3	3
LOT2B8	104	H	7	D11	ITS 1	D11	1D11	TACAGATGGCTC	1		LOT2B8	NA	Glass Slide	Open	2	B	Grassland	8	15
LOT4A5	105	M/H	7	E11	ITS 1	E11	1E+11	CACGTGACATGT	2		LOT4A5	NA	Glass Slide	Open	4	A	Grassland	5	1
LDT1R2BS	106		7	F11	ITS 1	F11	1F11	TGCGCGAATACT	10		LDT1R2BS	NA	Glass Slide	Death	1	B	Shrubland	2	7
LDT0R6G	107	W	7	G11	ITS 1	G11	1G11	TCCACAGGAGTT	5		LDT0R6G	NA	Glass Slide	Death	0		Grassland		NA
LOT3C7	108	W	7	H11	ITS 1	H11	1H11	ACATCTTGACGG	5		LOT3C7	NA	Glass Slide	Open	3	C	Grassland	7	7
LDT4R9BG	109		7	A12	ITS 1	A12	1A12	CTATGTGAACCG	8	evaporated	LDT4R9BG	NA	Glass Slide	Death	4	B	Grassland	7	7
LOT4A6	11		8	C02	ITS 2	C02	2C02	TAGCTCGTAACT	10		LOT4A6	NA	Glass Slide	Open	4	A	Grassland	6	3
AirT4R12	110	M/H	7	B12	ITS 1	B12	1B12	CGGACGTTCATA	2		AirT4R12	NA	Glass Slide	Air	4	Tower	Tower	Tower	NA
LDT0R4S	111	M/H	7	C12	ITS 1	C12	1C12	CTCTAAGCATGG	2		LDT0R4S	NA	Glass Slide	Death	0		Shrubland		NA
LDT3R6CG	112		7	D12	ITS 1	D12	1D12	TTCATACGGACG	10		LDT3R6CG	NA	Glass Slide	Death	3	C	Grassland	7	7
LOT3A8	113	W	7	E12	ITS 1	E12	1E+12	CTTCGGCAGAAT	5		LOT3A8	NA	Glass Slide	Open	3	A	Grassland	8	15
LDT4R6CG	114		7	F12	ITS 1	F12	1F12	CGTATCTGCGAA	10		LDT4R6CG	NA	Glass Slide	Death	4	C	Grassland	7	7
LOT4C4	115	H	7	G12	ITS 1	G12	1G12	AGGAGCCTTCTA	1		LOT4C4	NA	Glass Slide	Open	4	C	Shrubland	4	1
LOT4B7	116	H	8	A04	ITS 2	A04	2A04	ACACCTGGTGAT	1		LOT4B7	NA	Glass Slide	Open	4	B	Grassland	7	7
AirT2R2	117	M/H	8	B04	ITS 2	B04	2B04	GCACACACGTTA	2		AirT2R2	NA	Glass Slide	Air	2	Tower	Tower	Tower	NA
LDT2R3CS	118	W	8	C04	ITS 2	C04	2C04	TCACGGGAGTTG	5		LDT2R3CS	NA	Glass Slide	Death	2	C	Shrubland	2	7
LOT1B1	119	M/H	8	D04	ITS 2	D04	2D04	ACGCCACGAATG	2		LOT1B1	NA	Glass Slide	Open	1	B	Shrubland	1	15
LOT1C7	12		8	D02	ITS 2	D02	2D02	GTCTAATTCCGA	10		LOT1C7	NA	Glass Slide	Open	1	C	Grassland	7	7
LOT4B4	120	H	8	E04	ITS 2	E04	2E+04	GGTGTCTATTGT	1		LOT4B4	NA	Glass Slide	Open	4	B	Shrubland	4	1
LDT0R4G	121	M/H	8	F04	ITS 2	F04	2F04	GAACTAGTCACC	2		LDT0R4G	NA	Glass Slide	Death	0		Grassland		NA
LOT1A3	122	W/M	8	G04	ITS 2	G04	2G04	CAGCGGTGACAT	4		LOT1A3	NA	Glass Slide	Open	1	A	Shrubland	3	3
AirT4R7	123		8	H04	ITS 2	H04	2H04	ACAAGGAGGTGA	0	evaporated	AirT4R7	NA	FTA Card	Air	4	Tower	Tower	Tower	NA
LOT2C1	124	H	8	A05	ITS 2	A05	2A05	TATCGTTGACCA	1		LOT2C1	NA	Glass Slide	Open	2	C	Shrubland	1	15
LOT3B5	125	H	8	B05	ITS 2	B05	2B05	CACGCCATAATG	1		LOT3B5	NA	Glass Slide	Open	3	B	Grassland	5	1
LOT2C8	126	H	8	C05	ITS 2	C05	2C05	CTGCTAACGCAA	1		LOT2C8	NA	Glass Slide	Open	2	C	Grassland	8	15
LDT0R6S	128	M/H	8	E05	ITS 2	E05	2E+05	GTCAATTGACCG	2		LDT0R6S	NA	Glass Slide	Death	0		Shrubland		NA
LOT1B2	129	H	8	F05	ITS 2	F05	2F05	GACGGAACCCAT	1		LOT1B2	NA	Glass Slide	Open	1	B	Shrubland	2	7
LOT2A6	13	H	8	E02	ITS 2	E02	2E+02	CGCAGCGGTATA	1		LOT2A6	NA	Glass Slide	Open	2	A	Grassland	6	3
LDT1R7AS	130	W/M	8	G05	ITS 2	G05	2G05	GAAGAAGCGGTA	4		LDT1R7AS	NA	Glass Slide	Death	1	A	Shrubland	2	7
LOT4B6	131	H	8	H05	ITS 2	H05	2H05	TATCAGGTGTGC	1		LOT4B6	NA	Glass Slide	Open	4	B	Grassland	6	3
LOT1B6	132	H	8	A06	ITS 2	A06	2A06	TTACTGTGCGAT	1		LOT1B6	NA	Glass Slide	Open	1	B	Grassland	6	3
LOT2B2	133	H	8	B06	ITS 2	B06	2B06	CAGGCGTATTGG	1		LOT2B2	NA	Glass Slide	Open	2	B	Shrubland	2	7
LOT2C6	134	H	8	C06	ITS 2	C06	2C06	TTAGGGCTCGTA	1		LOT2C6	NA	Glass Slide	Open	2	C	Grassland	6	3
LOT4A1	135	H	8	D06	ITS 2	D06	2D06	TAGGAACTGGCC	1		LOT4A1	NA	Glass Slide	Open	4	A	Shrubland	1	15
LOT3A3	136	M/H	8	E06	ITS 2	E06	2E+06	ATGAGACTCCAC	2		LOT3A3	NA	Glass Slide	Open	3	A	Shrubland	3	3
LOT3B1	137	H	8	F06	ITS 2	F06	2F06	CAAGCATGCCTA	1		LOT3B1	NA	Glass Slide	Open	3	B	Shrubland	1	15
LDT0R2S	138	M	8	G06	ITS 2	G06	2G06	TGTTATCGCACA	3		LDT0R2S	NA	Glass Slide	Death	0		Shrubland		NA
LOT2B1	139		8	A07	ITS 2	A07	2A07	AGGCTACACGAC	8	evaporated	LOT2B1	NA	Glass Slide	Open	2	B	Shrubland	1	15
LDT4R7CS	14		8	F02	ITS 2	F02	2F02	TGAGCCGGAATC	8	evaporated	LDT4R7CS	NA	Glass Slide	Death	4	C	Shrubland	2	7
LDT3R8BG	140		12	A01	ITS 2	A08	2A08	CTAACCTCCGCT	0	No DNA was put in the PCR	LDT3R8BG	NA	Glass Slide	Death	3	B	Grassland	7	7
LOT1A1	141		8	B07	ITS 2	B07	2B07	GGATCGCAGATC	10		LOT1A1	NA	Glass Slide	Open	1	A	Shrubland	1	15
LOT1B4	142		8	C07	ITS 2	C07	2C07	TCTAGCGTAGTG	10		LOT1B4	NA	Glass Slide	Open	1	B	Shrubland	4	1
LOT4B2	143		8	D07	ITS 2	D07	2D07	CTAGCGAACATC	10		LOT4B2	NA	Glass Slide	Open	4	B	Shrubland	2	7
LDT3R7AS	144		12	B01	ITS 2	B08	2B08	GCTGATGAGCTG	0	No DNA was put in the PCR	LDT3R7AS	NA	Glass Slide	Death	3	A	Shrubland	2	7
LOT1B8	145		8	E07	ITS 2	E07	2E+07	ACACGTAAGCCT	10		LOT1B8	NA	Glass Slide	Open	1	B	Grassland	8	15
LOT3A7	146		12	C01	ITS 2	C08	2C08	TCGAGGACTGCA	0	No DNA was put in the PCR	LOT3A7	NA	Glass Slide	Open	3	A	Grassland	7	7
LOT1B3	147		12	D01	ITS 2	D08	2D08	GACAGGAGATAG	0	No DNA was put in the PCR	LOT1B3	NA	Glass Slide	Open	1	B	Shrubland	3	3
LOT2B6	148		12	E01	ITS 2	E08	2E+08	GAGTGGTAGAGA	0	No DNA was put in the PCR	LOT2B6	NA	Glass Slide	Open	2	B	Grassland	6	3
AirT2R1	149		12	F01	ITS 2	F08	2F08	ACGGGACATGCT	0	No DNA was put in the PCR	AirT2R1	NA	Glass Slide	Air	2	Tower	Tower	Tower	NA
LOT3C6	15	H	8	G02	ITS 2	G02	2G02	AGTGTCACGGTG	1		LOT3C6	NA	Glass Slide	Open	3	C	Grassland	6	3
LDT2R2BS	150		12	G01	ITS 2	G08	2G08	ATTGGGCTAGGC	0	No DNA was put in the PCR	LDT2R2BS	NA	Glass Slide	Death	2	B	Shrubland	2	7
LDT0R2G	151		12	H01	ITS 2	H08	2H08	AGCTTGACAGCT	0	No DNA was put in the PCR	LDT0R2G	NA	Glass Slide	Death	0		Grassland		NA
LOT4C6	152		12	A02	ITS 2	A09	2A09	GAACCAAAGGAT	0	No DNA was put in the PCR	LOT4C6	NA	Glass Slide	Open	4	C	Grassland	6	3
AirT2R3	153		12	B02	ITS 2	B09	2B09	ATGTGCACGACT	0	No DNA was put in the PCR	AirT2R3	NA	Glass Slide	Air	2	Tower	Tower	Tower	NA
LOT1B7	154		12	C02	ITS 2	C09	2C09	CGGAGCTATGGT	0	No DNA was put in the PCR	LOT1B7	NA	Glass Slide	Open	1	B	Grassland	7	7
LOT4A4	155		12	D02	ITS 2	D09	2D09	ATTCCTGTGAGT	0	No DNA was put in the PCR	LOT4A4	NA	Glass Slide	Open	4	A	Shrubland	4	1
AirT4R9	156		12	E02	ITS 2	E09	2E+09	GAAGTTGGAAGT	0	No DNA was put in the PCR	AirT4R9	NA	FTA Card	Air	4	Tower	Tower	Tower	NA
LDT2R9BG	157		12	F02	ITS 2	F09	2F09	GTCATATCGTAC	0	No DNA was put in the PCR	LDT2R9BG	NA	Glass Slide	Death	2	B	Grassland	7	7
LOT3C4	158		12	G02	ITS 2	G09	2G09	ACCACATACATC	0	No DNA was put in the PCR	LOT3C4	NA	Glass Slide	Open	3	C	Shrubland	4	1
LOT4A7	16	H	8	H02	ITS 2	H02	2H02	CTTACACCAAGT	1		LOT4A7	NA	Glass Slide	Open	4	A	Grassland	7	7
LOT4A3	17	H	8	A03	ITS 2	A03	2A03	AATCCGTACAGC	1		LOT4A3	NA	Glass Slide	Open	4	A	Shrubland	3	3
LOT2B5	18	M/H	8	B03	ITS 2	B03	2B03	TACACGATCTAC	2		LOT2B5	NA	Glass Slide	Open	2	B	Grassland	5	1
LOT2C5	19	H	8	C03	ITS 2	C03	2C03	CAGTGCATATGC	1		LOT2C5	NA	Glass Slide	Open	2	C	Grassland	5	1
AirT4R1	2	H	8	B01	ITS 2	B01	2B01	TGAGTCACTGGT	1		AirT4R1	NA	Glass Slide	Air	4	Tower	Tower	Tower	NA
LOT1A6	20	H	8	D03	ITS 2	D03	2D03	TCCGAATTCACA	1		LOT1A6	NA	Glass Slide	Open	1	A	Grassland	6	3
LDT2R10CG	21		8	E03	ITS 2	E03	2E+03	AATGCCTCAACT	10		LDT2R10CG	NA	Glass Slide	Death	2	C	Grassland	7	7
LDT2R8AS	22		8	F03	ITS 2	F03	2F03	GCGGCAATTACG	10		LDT2R8AS	NA	Glass Slide	Death	2	A	Shrubland	2	7
LOT2A8	23	H	8	G03	ITS 2	G03	2G03	GAGGAATAGCAG	1		LOT2A8	NA	Glass Slide	Open	2	A	Grassland	8	15
LOT2C2	24	W	7	A01	ITS 1	A01	1A01	ACTCGTCGGTAA	0	evaporated	LOT2C2	NA	Glass Slide	Open	2	C	Shrubland	2	7
LDT4R8AS	25		7	B01	ITS 1	B01	1B01	TAAGGCCTATCG	9	evaporated	LDT4R8AS	NA	Glass Slide	Death	4	A	Shrubland	2	7
LOT3B2	26	H	7	C01	ITS 1	C01	1C01	TTGTCGCACAAG	1		LOT3B2	NA	Glass Slide	Open	3	B	Shrubland	2	7
LOT4B3	27	H	7	D01	ITS 1	D01	1D01	AACTGTGCGTAC	1		LOT4B3	NA	Glass Slide	Open	4	B	Shrubland	3	3
LOT2B7	28		7	E01	ITS 1	E01	1E+01	TGCGAACGTATC	10		LOT2B7	NA	Glass Slide	Open	2	B	Grassland	7	7
LOT1A4	29	M	7	F01	ITS 1	F01	1F01	AGCTGGAAGTCC	3		LOT1A4	NA	Glass Slide	Open	1	A	Shrubland	4	1
LOT1C1	3		8	C01	ITS 2	C01	2C01	GTTGGTCAATCT	0	evaporated	LOT1C1	NA	Glass Slide	Open	1	C	Shrubland	1	15
LOT3A6	30	M/H	7	G01	ITS 1	G01	1G01	GGAAACCACCAC	2		LOT3A6	NA	Glass Slide	Open	3	A	Grassland	6	3
LOT2A4	31	H	7	H01	ITS 1	H01	1H01	AGCTGACTAGTC	1		LOT2A4	NA	Glass Slide	Open	2	A	Shrubland	4	1
LDT4R1AS	32		7	A02	ITS 1	A02	1A02	AGCGTGTCCAAT	10		LDT4R1AS	NA	Glass Slide	Death	4	A	Shrubland	2	7
LDT4R2BS	33		7	B02	ITS 1	B02	1B02	ACATTCAGCGCA	10		LDT4R2BS	NA	Glass Slide	Death	4	B	Shrubland	2	7
LDT4R4AG	34		7	C02	ITS 1	C02	1C02	AGATGTTCTGCT	10		LDT4R4AG	NA	Glass Slide	Death	4	A	Grassland	7	7
LOT4C5	35	H	7	D02	ITS 1	D02	1D02	GCATGGCTCTAA	1		LOT4C5	NA	Glass Slide	Open	4	C	Grassland	5	1
LOT2A3	36	H	7	E02	ITS 1	E02	1E+02	TTGAACCAGCTG	1		LOT2A3	NA	Glass Slide	Open	2	A	Shrubland	3	3
LOT1A2	37		7	F02	ITS 1	F02	1F02	CCAGTGTATGCA	10		LOT1A2	NA	Glass Slide	Open	1	A	Shrubland	2	7
LOT4B1	38	H	7	G02	ITS 1	G02	1G02	TGCTACCATGAG	1		LOT4B1	NA	Glass Slide	Open	4	B	Shrubland	1	15
LOT2A2	39	M/H	7	H02	ITS 1	H02	1H02	ATGCGAGTATCC	2		LOT2A2	NA	Glass Slide	Open	2	A	Shrubland	2	7
LOT4C3	4	H	8	D01	ITS 2	D01	2D01	CGATCCGTATTA	0.25	evaporated	LOT4C3	NA	Glass Slide	Open	4	C	Shrubland	3	3
LOT4A8	40	W/M	7	A03	ITS 1	A03	1A03	GTATCCATGCGA	4		LOT4A8	NA	Glass Slide	Open	4	A	Grassland	8	15
LOT2A1	41	H	7	B03	ITS 1	B03	1B03	CCACCTACTCCA	1		LOT2A1	NA	Glass Slide	Open	2	A	Shrubland	1	15
LDT3R4AG	42		7	C03	ITS 1	C03	1C03	TCTAAGGCACGT	10		LDT3R4AG	NA	Glass Slide	Death	3	A	Grassland	7	7
LOT2B3	43	H	7	D03	ITS 1	D03	1D03	AGGCGACCTTAT	1		LOT2B3	NA	Glass Slide	Open	2	B	Shrubland	3	3
LDT0R3G	44	W	7	E03	ITS 1	E03	1E+03	TCAGGCGCTTAA	5		LDT0R3G	NA	Glass Slide	Death	0		Grassland		NA
LOT1A7	45	H	7	F03	ITS 1	F03	1F03	CAGACATTGCGT	1		LOT1A7	NA	Glass Slide	Open	1	A	Grassland	7	7
LOT3B7	46	H	7	G03	ITS 1	G03	1G03	CACGGTTGTGAG	1		LOT3B7	NA	Glass Slide	Open	3	B	Grassland	7	7
LOT4C7	47	H	7	A04	ITS 1	A04	1A04	AACAGGTTCGCT	1		LOT4C7	NA	Glass Slide	Open	4	C	Grassland	7	7
LOT2C3	48	H	7	B04	ITS 1	B04	1B04	ACACGGTGTCTA	1		LOT2C3	NA	Glass Slide	Open	2	C	Shrubland	3	3
LOT2C7	49	H	7	C04	ITS 1	C04	1C04	GACGCTAGTTCA	1		LOT2C7	NA	Glass Slide	Open	2	C	Grassland	7	7
LOT3B6	5		8	E01	ITS 2	E01	2E+01	AGTAGAGGGATG	0	evaporated	LOT3B6	NA	Glass Slide	Open	3	B	Grassland	6	3
LOT1C8	50	H	7	D04	ITS 1	D04	1D04	GATAGTGCCACT	1		LOT1C8	NA	Glass Slide	Open	1	C	Grassland	8	15
LOT3B8	51	H	7	E04	ITS 1	E04	1E+04	ATACTTCGCAGG	1		LOT3B8	NA	Glass Slide	Open	3	B	Grassland	8	15
LOT1B5	52	H	7	F04	ITS 1	F04	1F04	GAATCTTCGAGC	1		LOT1B5	NA	Glass Slide	Open	1	B	Grassland	5	1
LDT1R6CG	53	W	7	G04	ITS 1	G04	1G04	TGAATAGTCCGC	5		LDT1R6CG	NA	Glass Slide	Death	1	C	Grassland	7	7
LOT3C3	54	H	7	H04	ITS 1	H04	1H04	TTAGCGTCACGA	1		LOT3C3	NA	Glass Slide	Open	3	C	Shrubland	3	3
LOT3C5	55	H	7	A05	ITS 1	A05	1A05	GCGATATATCGC	1		LOT3C5	NA	Glass Slide	Open	3	C	Grassland	5	1
LDT2R6CG	56		7	B05	ITS 1	B05	1B05	CTAGTCAGCTGA	10		LDT2R6CG	NA	Glass Slide	Death	2	C	Grassland	7	7
AirT4R6	57		7	C05	ITS 1	C05	1C05	GTCCGCTGAATA	10		AirT4R6	NA	FTA Card	Air	4	Tower	Tower	Tower	NA
LOT4C2	58	H	7	D05	ITS 1	D05	1D05	GAACACTTCTGG	1		LOT4C2	NA	Glass Slide	Open	4	C	Shrubland	2	7
AirT4R2	59	M/H	7	E05	ITS 1	E05	1E+05	TGTCGGCTACAA	2		AirT4R2	NA	Glass Slide	Air	4	Tower	Tower	Tower	NA
LDT0R5S	6	W	8	F01	ITS 2	F01	2F01	CTTGTGTCGATA	2	evaporated	LDT0R5S	NA	Glass Slide	Death	0		Shrubland		NA
LDT2R5BG	60	W/M	7	F05	ITS 1	F05	1F05	GTAGCAACGTCT	4		LDT2R5BG	NA	Glass Slide	Death	2	B	Grassland	7	7
LOT3C2	61	H	7	G05	ITS 1	G05	1G05	GCCTTAAGCGAT	1		LOT3C2	NA	Glass Slide	Open	3	C	Shrubland	2	7
LDT2R1AS	62	H	7	H05	ITS 1	H05	1H05	GACTTATAGGCC	1		LDT2R1AS	NA	Glass Slide	Death	2	A	Shrubland	2	7
LDT3R5BG	63		7	A06	ITS 1	A06	1A06	TTAACGGCTGAC	10		LDT3R5BG	NA	Glass Slide	Death	3	B	Grassland	7	7
LOT2A5	64	H	7	B06	ITS 1	B06	1B06	TAGGCCGACTTA	1		LOT2A5	NA	Glass Slide	Open	2	A	Grassland	5	1
LOT3A2	65	H	7	C06	ITS 1	C06	1C06	TGGCACCGATTA	1		LOT3A2	NA	Glass Slide	Open	3	A	Shrubland	2	7
LDT1R4AG	66	W/M	7	D06	ITS 1	D06	1D06	TACCGCTAGTAG	4		LDT1R4AG	NA	Glass Slide	Death	1	A	Grassland	7	7
LDT3R3CS	69		7	G06	ITS 1	G06	1G06	GATACGTCCTGA	10		LDT3R3CS	NA	Glass Slide	Death	3	C	Shrubland	2	7
LOT3A1	7	H	8	G01	ITS 2	G01	2G01	TCCCAGAACAAC	1		LOT3A1	NA	Glass Slide	Open	3	A	Shrubland	1	15
LOT4B8	70	W	7	A07	ITS 1	A07	1A07	ACGCTATCTGGA	3	evaporated	LOT4B8	NA	Glass Slide	Open	4	B	Grassland	8	15
LDT1R3CS	71	W	7	B07	ITS 1	B07	1B07	CTTCTAAGGAGC	5		LDT1R3CS	NA	Glass Slide	Death	1	C	Shrubland	2	7
AirT2R6	72	M	7	C07	ITS 1	C07	1C07	ATTCATGGACGC	3		AirT2R6	NA	FTA Card	Air	2	Tower	Tower	Tower	NA
LDT3R1AS	73		7	D07	ITS 1	D07	1D07	TCTGGAACGCTA	6	evaporated	LDT3R1AS	NA	Glass Slide	Death	3	A	Shrubland	2	7
LOT4C1	74	M/H	7	E07	ITS 1	E07	1E+07	CGAGAAGAGAAC	2		LOT4C1	NA	Glass Slide	Open	4	C	Shrubland	1	15
LDT3R2BS	75		7	F07	ITS 1	F07	1F07	GAATAGAGCCAA	10		LDT3R2BS	NA	Glass Slide	Death	3	B	Shrubland	2	7
LOT4B5	76	M/H	7	G07	ITS 1	G07	1G07	GTCCAGTAATGC	2		LOT4B5	NA	Glass Slide	Open	4	B	Grassland	5	1
LOT3A5	77	H	7	H07	ITS 1	H07	1H07	GTACGTGGGATC	1		LOT3A5	NA	Glass Slide	Open	3	A	Grassland	5	1
LDT0R5G	78	W	7	A08	ITS 1	A08	1A08	AAGGAGCGCCTT	5		LDT0R5G	NA	Glass Slide	Death	0		Grassland		NA
LOT1C4	79	M/H	7	B08	ITS 1	B08	1B08	TAGTCAGGCCAT	2		LOT1C4	NA	Glass Slide	Open	1	C	Shrubland	4	1
LOT1C5	8	M/H	8	H01	ITS 2	H01	2H01	GCTTCGGTAGAT	2		LOT1C5	NA	Glass Slide	Open	1	C	Grassland	5	1
LOT1C6	80	M/H	7	C08	ITS 1	C08	1C08	AGGCATCTTACG	2		LOT1C6	NA	Glass Slide	Open	1	C	Grassland	6	3
LOT4C8	81	H	7	D08	ITS 1	D08	1D08	GGTATGACTCAC	1		LOT4C8	NA	Glass Slide	Open	4	C	Grassland	8	15
AirT4R5	82	H	7	E08	ITS 1	E08	1E+08	GTTACCTCAGAG	1		AirT4R5	NA	FTA Card	Air	4	Tower	Tower	Tower	NA
LOT2A7	83	M/H	7	F08	ITS 1	F08	1F08	TCGCATGAAGTC	2		LOT2A7	NA	Glass Slide	Open	2	A	Grassland	7	7
LOT3B4	84	H	7	G08	ITS 1	G08	1G08	GAGTTCCATAGC	1		LOT3B4	NA	Glass Slide	Open	3	B	Shrubland	4	1
LOT2C4	85	H	7	H08	ITS 1	H08	1H08	CGTGCACAATTG	1		LOT2C4	NA	Glass Slide	Open	2	C	Shrubland	4	1
LOT1A5	86	M	7	A09	ITS 1	A09	1A09	CACATTGTGAGC	3		LOT1A5	NA	Glass Slide	Open	1	A	Grassland	5	1
AirT2R5	87	W/M	7	B09	ITS 1	B09	1B09	CGGTACTTGCAA	4		AirT2R5	NA	FTA Card	Air	2	Tower	Tower	Tower	NA
AirT4R4	88	H	7	C09	ITS 1	C09	1C09	TCGCTGTAACAG	1		AirT4R4	NA	FTA Card	Air	4	Tower	Tower	Tower	NA
LDT0R1G	89	W/M	7	D09	ITS 1	D09	1D09	CTTGTAGGACCA	4		LDT0R1G	NA	Glass Slide	Death	0		Grassland		NA
LDT1R1AS	9	W	8	A02	ITS 2	A02	2A02	AATCAGTCTCGT	5		LDT1R1AS	NA	Glass Slide	Death	1	A	Shrubland	2	7
LOT1A8	90	H	7	E09	ITS 1	E09	1E+09	GTACGAATCCTG	1		LOT1A8	NA	Glass Slide	Open	1	A	Grassland	8	15
LDT1R5BG	91		7	F09	ITS 1	F09	1F09	CTCAGTATGCAG	10		LDT1R5BG	NA	Glass Slide	Death	1	B	Grassland	7	7
LDT2R4AG	92		7	G09	ITS 1	G09	1G09	TAGGATTGCTCG	10		LDT2R4AG	NA	Glass Slide	Death	2	A	Grassland	7	7
LOT2B4	93		7	A10	ITS 1	A10	1A10	CGATGTCGTCAA	10		LOT2B4	NA	Glass Slide	Open	2	B	Shrubland	4	1
LDT4R3CS	94		7	B10	ITS 1	B10	1B10	CAGCTTACTAGG	10		LDT4R3CS	NA	Glass Slide	Death	4	C	Shrubland	2	7
LOT3A4	95	H	7	C10	ITS 1	C10	1C10	CCAGATGATCGT	1		LOT3A4	NA	Glass Slide	Open	4	A	Shrubland	4	1
AirT4R8	96		7	D10	ITS 1	D10	1D10	ACTGTACGCGTA	10		AirT4R8	NA	FTA Card	Air	4	Tower	Tower	Tower	NA
LOT3C1	97	H	7	E10	ITS 1	E10	1E+10	TCCTAGCAGTGA	1		LOT3C1	NA	Glass Slide	Open	3	C	Shrubland	1	15
LOT1C2	98	H	7	F10	ITS 1	F10	1F10	TCCGACACAATT	1		LOT1C2	NA	Glass Slide	Open	1	C	Shrubland	2	7
LOT4A2	99	W	7	G10	ITS 1	G10	1G10	CATCATGAGGCT	5		LOT4A2	NA	Glass Slide	Open	4	A	Shrubland	2	7
N1	N1		8	H03	ITS 2	H03	2H03	TGACCTCCAAGA	9	evaporated	N1	NA	NA	NA	NA	NA	NA	NA	NA
N2	N2		7	H03	ITS 1	H03	1H03	GGATGGTGTTGC	10		N2	NA	NA	NA	NA	NA	NA	NA	NA
N3	N3		7	H06	ITS 1	H06	1H06	CATGAGTGCTAC	9	evaporated	N3	NA	NA	NA	NA	NA	NA	NA	NA
N4	N4		7	H09	ITS 1	H09	1H09	ATCGGCGTTACA	7	evaporated	N4	NA	NA	NA	NA	NA	NA	NA	NA
N5	N5		7	H12	ITS 1	H12	1H12	AGCTGTTGTTTG	8	evaporated	N5	NA	NA	NA	NA	NA	NA	NA	NA
N6	N6		8	H06	ITS 2	H06	2H06	TGTAATTGTCGC	10		N6	NA	NA	NA	NA	NA	NA	NA	NA
N7	N7		8	F07	ITS 2	F07	2F07	CCTGAACTAGTT	10		N7	NA	NA	NA	NA	NA	NA	NA	NA
N8	N8		12	H02	ITS 2	H09	2H09	TCTGTTGCTCTC	0	No DNA was put in the PCR	N8	NA	NA	NA	NA	NA	NA	NA	NA
PCR-_10_6_20	PCR-_10_6_20		12	B06	ITS 3	F01	3F01	GTGCCCAGCCTT	10		PCR-_10_6_20	NA	NA	NA	NA	NA	NA	NA	NA
PCR-_9_29_20	PCR-_9_29_20		7	F06	ITS 1	F06	1F06	ATGGCAGCTCTA	10		PCR-_9_29_20	NA	NA	NA	NA	NA	NA	NA	NA
PCR-_9_30_20	PCR-_9_30_20		8	H07	ITS 2	H07	2H07	AATGGAGCATGA	10		PCR-_9_30_20	NA	NA	NA	NA	NA	NA	NA	NA
PCR+_10_6_20	PCR+_10_6_20	H	12	A06	ITS 3	E01	3E+01	AGGAGTAACACA	1		PCR+_10_6_20	NA	NA	NA	NA	NA	NA	NA	NA
PCR+_9_29_20	PCR+_9_29_20	H	7	E06	ITS 1	E06	1E+06	TGGCTCTACAGA	1		PCR+_9_29_20	NA	NA	NA	NA	NA	NA	NA	NA
PCR+_9_30_20	PCR+_9_30_20	H	8	G07	ITS 2	G07	2G07	TCGTCGATAATC	1		PCR+_9_30_20	NA	NA	NA	NA	NA	NA	NA	NA
EnvS_T2R4	135	H	12	A05	ITS 2	A12	2A12	CCTCGTTCGACT	1		EnvS_T2R4	NA	Environmental Shrub Litter		2	B	Shrubland	2	7
EnvS_T2R6	147	W	12	B05	ITS 2	B12	2B12	ATCCCGAATTTG	5		EnvS_T2R6	NA	Environmental Shrub Litter		2	C	Shrubland	2	7
EnvG_T2R1	149	H	12	C05	ITS 2	C12	2C12	ACGTGTACCCAA	1		EnvG_T2R1	NA	Environmental Grass Litter		2	A	Grassland	8	15
EnvS_T2R1	158	W	12	D05	ITS 2	D12	2D12	CTATTTGCGACA	5		EnvS_T2R1	NA	Environmental Shrub Litter		2	A	Shrubland	1	15
Soil_T2R3	162	H	12	E05	ITS 2	E12	2E+12	ATCGATCTGTGG	1		Soil_T2R3	NA	Soil		2	A	Grassland	7	7
Soil_T2R4	172	H	12	F05	ITS 2	F12	2F12	CAGCTAGAACGC	1		Soil_T2R4	NA	Soil		2	A	Grassland	8	15
EnvS_T2R3	174	H	12	G05	ITS 2	G12	2G12	TACTTCGCTCGC	1		EnvS_T2R3	NA	Environmental Shrub Litter		2	B	Shrubland	1	15
EnvG_T2R4	183	H	12	H05	ITS 2	H12	2H12	ATACCTTCGGTA	1		EnvG_T2R4	NA	Environmental Grass Litter		2	B	Grassland	7	7
Soil_T2R8	202	H	12	F03	ITS 2	F10	2F10	TTGCGCATACTA	1		Soil_T2R8	NA	Soil		2	B	Grassland	8	15
Soil_T2R9	205	H	12	G03	ITS 2	G10	2G10	AACACAAGGAGT	1		Soil_T2R9	NA	Soil		2	C	Shrubland	1	15
EnvG_T2R3	216	H	12	H03	ITS 2	H10	2H10	AGTTCCCGAGTA	1		EnvG_T2R3	NA	Environmental Grass Litter		2	B	Grassland	8	15
EnvG_T2R5	243	H	12	A04	ITS 2	A11	2A11	GTACATACCGGT	1		EnvG_T2R5	NA	Environmental Grass Litter		2	C	Grassland	8	15
Soil_T2R12	276	H	12	A03	ITS 2	A10	2A10	GTATGCGCTGTA	1		Soil_T2R12	NA	Soil		2	C	Grassland	8	15
Soil_T2R5	283	H	12	B03	ITS 2	B10	2B10	ACGCGCAGATAC	1		Soil_T2R5	NA	Soil		2	B	Shrubland	1	15
EnvG_T2R6	294	H	12	C03	ITS 2	C10	2C10	AAGAGATGTCGA	1		EnvG_T2R6	NA	Environmental Grass Litter		2	C	Grassland	7	7
Soil_T2R6	302	H	12	D03	ITS 2	D10	2D10	GAGGCTCATCAT	1		Soil_T2R6	NA	Soil		2	B	Shrubland	2	7
Soil_T2R2	303	H	12	E03	ITS 2	E10	2E+10	TTCCTAGGTGAG	1		Soil_T2R2	NA	Soil		2	A	Shrubland	2	7
Soil_T2R1	47	H	12	B04	ITS 2	B11	2B11	GACTTTCCCTCG	1		Soil_T2R1	NA	Soil		2	A	Shrubland	1	15
EnvG_T2R2	49	H	12	C04	ITS 2	C11	2C11	TCCAAAGTGTTC	1		EnvG_T2R2	NA	Environmental Grass Litter		2	A	Grassland	7	7
Soil_T2R11	75	H	12	D04	ITS 2	D11	2D11	TCCTCTGTCGAC	1		Soil_T2R11	NA	Soil		2	C	Grassland	7	7
EnvS_T2R5	90	H	12	E04	ITS 2	E11	2E+11	GCACGACAACAC	1		EnvS_T2R5	NA	Environmental Shrub Litter		2	C	Shrubland	1	15
Soil_T2R10	96	H	12	F04	ITS 2	F11	2F11	ACTGACAGCCAT	1		Soil_T2R10	NA	Soil		2	C	Shrubland	2	7
EnvS_T2R2	97	H	12	G04	ITS 2	G11	2G11	AATGTCCGTGAC	1		EnvS_T2R2	NA	Environmental Shrub Litter		2	A	Shrubland	2	7
Soil_T2R7	99	H	12	H04	ITS 2	H11	2H11	AGCCTAAGCACG	1		Soil_T2R7	NA	Soil		2	B	Grassland	7	7